open_timestamp_utc,close_timestamp_utc,open,high,low,close,volume
1568361600,1568365199,4.18e-06,4.75e-06,4.18e-06,4.39e-06,462057
1568365200,1568368799,4.39e-06,4.42e-06,4.37e-06,4.39e-06,237246
1568368800,1568372399,4.39e-06,4.4e-06,4.39e-06,4.4e-06,188485
1568372400,1568375999,4.4e-06,4.4e-06,4.38e-06,4.4e-06,111415
1568376000,1568379599,4.4e-06,4.4e-06,4.39e-06,4.39e-06,71600
1568379600,1568383199,4.39e-06,4.41e-06,4.4e-06,4.4e-06,460301
1568383200,1568386799,4.4e-06,4.42e-06,4.4e-06,4.41e-06,114874
1568386800,1568390399,4.41e-06,4.44e-06,4.41e-06,4.41e-06,86928
1568390400,1568393999,4.41e-06,4.42e-06,4.41e-06,4.42e-06,156043
1568394000,1568397599,4.42e-06,4.43e-06,4.42e-06,4.43e-06,375151
1568397600,1568401199,4.43e-06,4.46e-06,4.44e-06,4.44e-06,108800
1568401200,1568404799,4.44e-06,4.47e-06,4.45e-06,4.47e-06,123201
1568404800,1568408399,4.47e-06,4.5e-06,4.45e-06,4.45e-06,410799
1568408400,1568411999,4.45e-06,4.46e-06,4.44e-06,4.44e-06,685201
1568412000,1568415599,4.44e-06,4.45e-06,4.44e-06,4.45e-06,212174
1568415600,1568419199,4.45e-06,4.45e-06,4.44e-06,4.44e-06,171382
1568419200,1568422799,4.44e-06,4.45e-06,4.44e-06,4.45e-06,227611
1568422800,1568426399,4.45e-06,4.45e-06,4.45e-06,4.45e-06,0
1568426400,1568429999,4.45e-06,4.44e-06,4.44e-06,4.44e-06,53013
1568430000,1568433599,4.44e-06,4.45e-06,4.45e-06,4.45e-06,2000
1568433600,1568437199,4.45e-06,4.45e-06,4.44e-06,4.45e-06,2001004
1568437200,1568440799,4.45e-06,4.45e-06,4.44e-06,4.44e-06,1655598
1568440800,1568444399,4.44e-06,4.44e-06,4.37e-06,4.4e-06,2015091
1568444400,1568447999,4.4e-06,4.4e-06,4.39e-06,4.4e-06,22019
1568448000,1568451599,4.4e-06,4.4e-06,4.39e-06,4.4e-06,198421
1568451600,1568455199,4.4e-06,4.39e-06,4.37e-06,4.38e-06,44098
1568455200,1568458799,4.38e-06,4.38e-06,4.37e-06,4.37e-06,258967
1568458800,1568462399,4.37e-06,4.4e-06,4.39e-06,4.4e-06,335947
1568462400,1568465999,4.4e-06,4.41e-06,4.4e-06,4.4e-06,39714
1568466000,1568469599,4.4e-06,4.49e-06,4.4e-06,4.46e-06,1847840
1568469600,1568473199,4.46e-06,4.49e-06,4.45e-06,4.49e-06,609392
1568473200,1568476799,4.49e-06,4.49e-06,4.45e-06,4.45e-06,376224
1568476800,1568480399,4.45e-06,4.55e-06,4.45e-06,4.55e-06,2355032
1568480400,1568483999,4.55e-06,4.56e-06,4.54e-06,4.55e-06,1018632
1568484000,1568487599,4.55e-06,4.54e-06,4.49e-06,4.52e-06,1649589
1568487600,1568491199,4.52e-06,4.56e-06,4.47e-06,4.55e-06,277884
1568491200,1568494799,4.55e-06,4.57e-06,4.53e-06,4.53e-06,245283
1568494800,1568498399,4.53e-06,4.54e-06,4.51e-06,4.51e-06,101804
1568498400,1568501999,4.51e-06,4.51e-06,4.51e-06,4.51e-06,1800
1568502000,1568505599,4.51e-06,4.52e-06,4.52e-06,4.52e-06,2200
1568505600,1568509199,4.52e-06,4.57e-06,4.53e-06,4.56e-06,96806
1568509200,1568512799,4.56e-06,4.57e-06,4.57e-06,4.57e-06,127050
1568512800,1568516399,4.57e-06,4.56e-06,4.56e-06,4.56e-06,200
1568516400,1568519999,4.56e-06,4.55e-06,4.54e-06,4.54e-06,3000
1568520000,1568523599,4.54e-06,4.53e-06,4.52e-06,4.52e-06,264500
1568523600,1568527199,4.52e-06,4.53e-06,4.52e-06,4.53e-06,146200
1568527200,1568530799,4.53e-06,4.54e-06,4.52e-06,4.54e-06,91125
1568530800,1568534399,4.54e-06,4.55e-06,4.53e-06,4.55e-06,71408
1568534400,1568537999,4.55e-06,4.56e-06,4.55e-06,4.55e-06,401906
1568538000,1568541599,4.55e-06,4.57e-06,4.56e-06,4.57e-06,323400
1568541600,1568545199,4.57e-06,4.59e-06,4.56e-06,4.59e-06,2178644
1568545200,1568548799,4.59e-06,4.59e-06,4.58e-06,4.58e-06,328075
1568548800,1568552399,4.58e-06,4.6e-06,4.56e-06,4.6e-06,1690049
1568552400,1568555999,4.6e-06,4.6e-06,4.56e-06,4.56e-06,392361
1568556000,1568559599,4.56e-06,4.58e-06,4.56e-06,4.56e-06,75600
1568559600,1568563199,4.56e-06,4.57e-06,4.56e-06,4.56e-06,139159
1568563200,1568566799,4.56e-06,4.57e-06,4.56e-06,4.56e-06,547819
1568566800,1568570399,4.56e-06,4.57e-06,4.55e-06,4.56e-06,3030101
1568570400,1568573999,4.56e-06,4.56e-06,4.56e-06,4.56e-06,1850507
1568574000,1568577599,4.56e-06,4.57e-06,4.55e-06,4.55e-06,2295505
1568577600,1568581199,4.55e-06,4.56e-06,4.55e-06,4.56e-06,701688
1568581200,1568584799,4.56e-06,4.55e-06,4.54e-06,4.54e-06,219009
1568584800,1568588399,4.54e-06,4.55e-06,4.55e-06,4.55e-06,223500
1568588400,1568591999,4.55e-06,4.56e-06,4.55e-06,4.56e-06,19399
1568592000,1568595599,4.56e-06,4.58e-06,4.56e-06,4.58e-06,657142
1568595600,1568599199,4.58e-06,4.62e-06,4.59e-06,4.62e-06,434749
1568599200,1568602799,4.62e-06,4.64e-06,4.63e-06,4.64e-06,496689
1568602800,1568606399,4.64e-06,4.64e-06,4.62e-06,4.63e-06,1497760
1568606400,1568609999,4.63e-06,4.64e-06,4.63e-06,4.63e-06,325821
1568610000,1568613599,4.63e-06,4.64e-06,4.63e-06,4.64e-06,346475
1568613600,1568617199,4.64e-06,4.64e-06,4.63e-06,4.63e-06,636794
1568617200,1568620799,4.63e-06,4.64e-06,4.63e-06,4.64e-06,625732
1568620800,1568624399,4.64e-06,4.64e-06,4.63e-06,4.63e-06,1826823
1568624400,1568627999,4.63e-06,4.63e-06,4.61e-06,4.62e-06,751585
1568628000,1568631599,4.62e-06,4.62e-06,4.61e-06,4.61e-06,1181539
1568631600,1568635199,4.61e-06,4.62e-06,4.6e-06,4.6e-06,1029106
1568635200,1568638799,4.6e-06,4.6e-06,4.56e-06,4.56e-06,1006363
1568638800,1568642399,4.56e-06,4.56e-06,4.54e-06,4.54e-06,1434502
1568642400,1568645999,4.54e-06,4.55e-06,4.54e-06,4.54e-06,685235
1568646000,1568649599,4.54e-06,4.55e-06,4.54e-06,4.54e-06,137891
1568649600,1568653199,4.54e-06,4.58e-06,4.55e-06,4.58e-06,1318452
1568653200,1568656799,4.58e-06,4.62e-06,4.57e-06,4.61e-06,752808
1568656800,1568660399,4.61e-06,4.61e-06,4.6e-06,4.6e-06,101193
1568660400,1568663999,4.6e-06,4.62e-06,4.61e-06,4.62e-06,67000
1568664000,1568667599,4.62e-06,4.64e-06,4.61e-06,4.64e-06,438238
1568667600,1568671199,4.64e-06,4.64e-06,4.61e-06,4.64e-06,851111
1568671200,1568674799,4.64e-06,4.64e-06,4.6e-06,4.61e-06,494010
1568674800,1568678399,4.61e-06,4.63e-06,4.61e-06,4.63e-06,71613
1568678400,1568681999,4.63e-06,4.68e-06,4.63e-06,4.68e-06,892207
1568682000,1568685599,4.68e-06,4.69e-06,4.67e-06,4.69e-06,563411
1568685600,1568689199,4.69e-06,4.69e-06,4.68e-06,4.68e-06,126473
1568689200,1568692799,4.68e-06,4.69e-06,4.68e-06,4.68e-06,1165673
1568692800,1568696399,4.68e-06,4.69e-06,4.66e-06,4.66e-06,437950
1568696400,1568699999,4.66e-06,4.71e-06,4.66e-06,4.68e-06,1780756
1568700000,1568703599,4.68e-06,4.71e-06,4.7e-06,4.7e-06,535000
1568703600,1568707199,4.7e-06,4.71e-06,4.69e-06,4.71e-06,828190
1568707200,1568710799,4.71e-06,4.8e-06,4.7e-06,4.76e-06,2236248
1568710800,1568714399,4.76e-06,4.76e-06,4.73e-06,4.73e-06,466980
1568714400,1568717999,4.73e-06,4.74e-06,4.69e-06,4.72e-06,1875416
1568718000,1568721599,4.72e-06,4.78e-06,4.71e-06,4.76e-06,1744778
1568721600,1568725199,4.76e-06,4.86e-06,4.76e-06,4.82e-06,8042840
1568725200,1568728799,4.82e-06,4.85e-06,4.81e-06,4.82e-06,896617
1568728800,1568732399,4.82e-06,4.82e-06,4.7e-06,4.78e-06,5884981
1568732400,1568735999,4.78e-06,4.84e-06,4.78e-06,4.83e-06,1396235
1568736000,1568739599,4.83e-06,4.94e-06,4.84e-06,4.94e-06,4641755
1568739600,1568743199,4.94e-06,4.99e-06,4.93e-06,4.93e-06,2724115
1568743200,1568746799,4.93e-06,4.94e-06,4.83e-06,4.85e-06,2448738
1568746800,1568750399,4.85e-06,4.91e-06,4.85e-06,4.91e-06,491200
1568750400,1568753999,4.91e-06,4.93e-06,4.89e-06,4.89e-06,1644580
1568754000,1568757599,4.89e-06,5e-06,4.87e-06,4.89e-06,1587055
1568757600,1568761199,4.89e-06,4.89e-06,4.84e-06,4.86e-06,341750
1568761200,1568764799,4.86e-06,4.89e-06,4.84e-06,4.84e-06,126507
1568764800,1568768399,4.84e-06,4.93e-06,4.84e-06,4.93e-06,961678
1568768400,1568771999,4.93e-06,4.96e-06,4.92e-06,4.95e-06,3701214
1568772000,1568775599,4.95e-06,5.08e-06,4.96e-06,5.07e-06,3180266
1568775600,1568779199,5.07e-06,5.07e-06,4.98e-06,5.01e-06,1186058
1568779200,1568782799,5.01e-06,5.04e-06,5e-06,5.04e-06,153098
1568782800,1568786399,5.04e-06,5.06e-06,5.02e-06,5.02e-06,235779
1568786400,1568789999,5.02e-06,5.08e-06,5.03e-06,5.08e-06,1522968
1568790000,1568793599,5.08e-06,5.1e-06,5.06e-06,5.09e-06,1162805
1568793600,1568797199,5.09e-06,5.11e-06,4.99e-06,5.01e-06,1964676
1568797200,1568800799,5.01e-06,5.06e-06,5e-06,5e-06,1156500
1568800800,1568804399,5e-06,5.06e-06,5e-06,5.05e-06,307450
1568804400,1568807999,5.05e-06,5.05e-06,5.02e-06,5.02e-06,266202
1568808000,1568811599,5.02e-06,5.03e-06,4.97e-06,5.03e-06,1707357
1568811600,1568815199,5.03e-06,5.23e-06,5.03e-06,5.22e-06,7344815
1568815200,1568818799,5.22e-06,5.4e-06,5.2e-06,5.39e-06,12275389
1568818800,1568822399,5.39e-06,5.48e-06,5.28e-06,5.48e-06,7730792
1568822400,1568825999,5.48e-06,5.49e-06,5.31e-06,5.38e-06,6443584
1568826000,1568829599,5.38e-06,5.45e-06,5.28e-06,5.32e-06,5753006
1568829600,1568833199,5.32e-06,5.38e-06,5.24e-06,5.26e-06,2726835
1568833200,1568836799,5.26e-06,5.29e-06,5.11e-06,5.18e-06,13557978
1568836800,1568840399,5.18e-06,5.24e-06,5.16e-06,5.17e-06,2517109
1568840400,1568843999,5.17e-06,5.31e-06,5.18e-06,5.29e-06,2671036
1568844000,1568847599,5.29e-06,5.36e-06,5.29e-06,5.32e-06,1775475
1568847600,1568851199,5.32e-06,5.31e-06,5.22e-06,5.23e-06,1376547
1568851200,1568854799,5.23e-06,5.24e-06,5.1e-06,5.14e-06,2667839
1568854800,1568858399,5.14e-06,5.13e-06,5.09e-06,5.13e-06,1401069
1568858400,1568861999,5.13e-06,5.19e-06,5.13e-06,5.16e-06,1831560
1568862000,1568865599,5.16e-06,5.19e-06,5.07e-06,5.1e-06,1424426
1568865600,1568869199,5.1e-06,5.2e-06,5.09e-06,5.2e-06,1876422
1568869200,1568872799,5.2e-06,5.23e-06,5.18e-06,5.19e-06,1068991
1568872800,1568876399,5.19e-06,5.19e-06,5.1e-06,5.14e-06,2421274
1568876400,1568879999,5.14e-06,5.21e-06,5.13e-06,5.2e-06,678290
1568880000,1568883599,5.2e-06,5.28e-06,5.15e-06,5.23e-06,1527673
1568883600,1568887199,5.23e-06,5.26e-06,5.2e-06,5.2e-06,1183641
1568887200,1568890799,5.2e-06,5.18e-06,5.13e-06,5.14e-06,930932
1568890800,1568894399,5.14e-06,5.16e-06,5.12e-06,5.14e-06,1863729
1568894400,1568897999,5.14e-06,5.2e-06,5.14e-06,5.2e-06,1644416
1568898000,1568901599,5.2e-06,5.26e-06,5.18e-06,5.22e-06,6045591
1568901600,1568905199,5.22e-06,5.21e-06,5.15e-06,5.2e-06,1788726
1568905200,1568908799,5.2e-06,5.23e-06,5.18e-06,5.22e-06,1378641
1568908800,1568912399,5.22e-06,5.3e-06,5.22e-06,5.28e-06,3364140
1568912400,1568915999,5.28e-06,5.35e-06,5.26e-06,5.31e-06,6932798
1568916000,1568919599,5.31e-06,5.41e-06,5.28e-06,5.41e-06,1786171
1568919600,1568923199,5.41e-06,5.45e-06,5.37e-06,5.37e-06,1816183
1568923200,1568926799,5.37e-06,5.38e-06,4.9e-06,5.08e-06,26149353
1568926800,1568930399,5.08e-06,5.11e-06,5.09e-06,5.1e-06,2426439
1568930400,1568933999,5.1e-06,5.11e-06,5.1e-06,5.11e-06,1054260
1568934000,1568937599,5.11e-06,5.1e-06,5.06e-06,5.09e-06,2951759
1568937600,1568941199,5.09e-06,5.09e-06,4.91e-06,4.94e-06,4777563
1568941200,1568944799,4.94e-06,4.95e-06,4.88e-06,4.95e-06,6822324
1568944800,1568948399,4.95e-06,4.99e-06,4.94e-06,4.99e-06,2041066
1568948400,1568951999,4.99e-06,4.99e-06,4.96e-06,4.98e-06,725612
1568952000,1568955599,4.98e-06,4.98e-06,4.93e-06,4.96e-06,1892214
1568955600,1568959199,4.96e-06,4.97e-06,4.95e-06,4.96e-06,1027669
1568959200,1568962799,4.96e-06,5.07e-06,4.96e-06,5.07e-06,3061390
1568962800,1568966399,5.07e-06,5.11e-06,5.06e-06,5.07e-06,1469854
1568966400,1568969999,5.07e-06,5.14e-06,5.05e-06,5.09e-06,4643274
1568970000,1568973599,5.09e-06,5.1e-06,5.06e-06,5.1e-06,637082
1568973600,1568977199,5.1e-06,5.09e-06,5.05e-06,5.05e-06,920957
1568977200,1568980799,5.05e-06,5.06e-06,5e-06,5.05e-06,1602095
1568980800,1568984399,5.05e-06,5.06e-06,5.05e-06,5.05e-06,714670
1568984400,1568987999,5.05e-06,5.09e-06,4.99e-06,5e-06,5211383
1568988000,1568991599,5e-06,5.03e-06,4.97e-06,5.01e-06,1024682
1568991600,1568995199,5.01e-06,5e-06,4.96e-06,4.98e-06,945916
1568995200,1568998799,4.98e-06,5.06e-06,4.97e-06,4.98e-06,1449527
1568998800,1569002399,4.98e-06,5.05e-06,4.97e-06,5.04e-06,1260485
1569002400,1569005999,5.04e-06,5.05e-06,5.02e-06,5.04e-06,169324
1569006000,1569009599,5.04e-06,5.05e-06,4.98e-06,4.99e-06,2854366
1569009600,1569013199,4.99e-06,5.04e-06,5e-06,5.02e-06,397236
1569013200,1569016799,5.02e-06,5.03e-06,5.03e-06,5.03e-06,42001
1569016800,1569020399,5.03e-06,5.07e-06,5.04e-06,5.07e-06,303744
1569020400,1569023999,5.07e-06,5.17e-06,5.07e-06,5.14e-06,1856811
1569024000,1569027599,5.14e-06,5.19e-06,5.15e-06,5.19e-06,1284077
1569027600,1569031199,5.19e-06,5.23e-06,5.17e-06,5.2e-06,4808909
1569031200,1569034799,5.2e-06,5.2e-06,5.16e-06,5.17e-06,1062689
1569034800,1569038399,5.17e-06,5.19e-06,5.16e-06,5.17e-06,234503
1569038400,1569041999,5.17e-06,5.17e-06,5.12e-06,5.12e-06,1635063
1569042000,1569045599,5.12e-06,5.28e-06,5.12e-06,5.26e-06,4595600
1569045600,1569049199,5.26e-06,5.26e-06,5.23e-06,5.24e-06,982385
1569049200,1569052799,5.24e-06,5.24e-06,5.23e-06,5.23e-06,84260
1569052800,1569056399,5.23e-06,5.24e-06,5.2e-06,5.21e-06,981651
1569056400,1569059999,5.21e-06,5.22e-06,5.18e-06,5.18e-06,685424
1569060000,1569063599,5.18e-06,5.19e-06,5.16e-06,5.17e-06,858026
1569063600,1569067199,5.17e-06,5.19e-06,5.15e-06,5.16e-06,1233043
1569067200,1569070799,5.16e-06,5.2e-06,5.15e-06,5.16e-06,4171170
1569070800,1569074399,5.16e-06,5.18e-06,5.12e-06,5.16e-06,3475417
1569074400,1569077999,5.16e-06,5.17e-06,5.15e-06,5.17e-06,487501
1569078000,1569081599,5.17e-06,5.18e-06,5.16e-06,5.16e-06,704329
1569081600,1569085199,5.16e-06,5.18e-06,5.16e-06,5.16e-06,665139
1569085200,1569088799,5.16e-06,5.17e-06,5.15e-06,5.15e-06,960322
1569088800,1569092399,5.15e-06,5.16e-06,5.15e-06,5.15e-06,363263
1569092400,1569095999,5.15e-06,5.15e-06,5.12e-06,5.15e-06,903458
1569096000,1569099599,5.15e-06,5.16e-06,5.14e-06,5.14e-06,631500
1569099600,1569103199,5.14e-06,5.16e-06,5.13e-06,5.13e-06,334998
1569103200,1569106799,5.13e-06,5.15e-06,5.13e-06,5.15e-06,53790
1569106800,1569110399,5.15e-06,5.18e-06,5.15e-06,5.16e-06,590540
1569110400,1569113999,5.16e-06,5.17e-06,5.12e-06,5.12e-06,511624
1569114000,1569117599,5.12e-06,5.12e-06,4.99e-06,5.03e-06,9114863
1569117600,1569121199,5.03e-06,5.02e-06,4.99e-06,5e-06,1118830
1569121200,1569124799,5e-06,5e-06,4.92e-06,4.93e-06,4965179
1569124800,1569128399,4.93e-06,4.95e-06,4.91e-06,4.95e-06,2176133
1569128400,1569131999,4.95e-06,4.95e-06,4.83e-06,4.92e-06,9011272
1569132000,1569135599,4.92e-06,4.92e-06,4.9e-06,4.9e-06,358315
1569135600,1569139199,4.9e-06,4.91e-06,4.89e-06,4.89e-06,499363
1569139200,1569142799,4.89e-06,4.89e-06,4.8e-06,4.85e-06,3813100
1569142800,1569146399,4.85e-06,4.85e-06,4.83e-06,4.83e-06,1097081
1569146400,1569149999,4.83e-06,4.84e-06,4.81e-06,4.82e-06,843816
1569150000,1569153599,4.82e-06,4.83e-06,4.76e-06,4.83e-06,4689221
1569153600,1569157199,4.83e-06,4.84e-06,4.81e-06,4.81e-06,961729
1569157200,1569160799,4.81e-06,4.9e-06,4.81e-06,4.86e-06,2677798
1569160800,1569164399,4.86e-06,4.86e-06,4.84e-06,4.85e-06,209528
1569164400,1569167999,4.85e-06,4.91e-06,4.85e-06,4.9e-06,5036874
1569168000,1569171599,4.9e-06,4.9e-06,4.78e-06,4.79e-06,4027844
1569171600,1569175199,4.79e-06,4.8e-06,4.72e-06,4.73e-06,4864276
1569175200,1569178799,4.73e-06,4.73e-06,4.72e-06,4.72e-06,2802629
1569178800,1569182399,4.72e-06,4.75e-06,4.73e-06,4.73e-06,972932
1569182400,1569185999,4.73e-06,4.74e-06,4.71e-06,4.74e-06,668725
1569186000,1569189599,4.74e-06,4.82e-06,4.73e-06,4.8e-06,2100203
1569189600,1569193199,4.8e-06,4.83e-06,4.79e-06,4.82e-06,948402
1569193200,1569196799,4.82e-06,4.83e-06,4.8e-06,4.8e-06,2270048
1569196800,1569200399,4.8e-06,4.82e-06,4.76e-06,4.76e-06,438542
1569200400,1569203999,4.76e-06,4.76e-06,4.76e-06,4.76e-06,23393
1569204000,1569207599,4.76e-06,4.8e-06,4.77e-06,4.8e-06,642100
1569207600,1569211199,4.8e-06,4.8e-06,4.77e-06,4.79e-06,1074000
1569211200,1569214799,4.79e-06,4.83e-06,4.79e-06,4.82e-06,1462761
1569214800,1569218399,4.82e-06,4.85e-06,4.78e-06,4.78e-06,1925395
1569218400,1569221999,4.78e-06,4.8e-06,4.76e-06,4.79e-06,1893035
1569222000,1569225599,4.79e-06,4.82e-06,4.79e-06,4.82e-06,705224
1569225600,1569229199,4.82e-06,4.87e-06,4.81e-06,4.87e-06,857829
1569229200,1569232799,4.87e-06,4.93e-06,4.86e-06,4.92e-06,2736680
1569232800,1569236399,4.92e-06,4.91e-06,4.88e-06,4.88e-06,215426
1569236400,1569239999,4.88e-06,4.89e-06,4.85e-06,4.85e-06,1044148
1569240000,1569243599,4.85e-06,4.88e-06,4.85e-06,4.87e-06,823103
1569243600,1569247199,4.87e-06,4.97e-06,4.87e-06,4.91e-06,7793547
1569247200,1569250799,4.91e-06,4.93e-06,4.81e-06,4.9e-06,5717470
1569250800,1569254399,4.9e-06,4.97e-06,4.9e-06,4.96e-06,3276259
1569254400,1569257999,4.96e-06,5.03e-06,4.95e-06,5.02e-06,4633738
1569258000,1569261599,5.02e-06,5.03e-06,4.89e-06,4.92e-06,5044082
1569261600,1569265199,4.92e-06,4.95e-06,4.91e-06,4.92e-06,2002381
1569265200,1569268799,4.92e-06,4.92e-06,4.87e-06,4.9e-06,1320580
1569268800,1569272399,4.9e-06,4.95e-06,4.8e-06,4.89e-06,5495008
1569272400,1569275999,4.89e-06,4.89e-06,4.73e-06,4.76e-06,8678657
1569276000,1569279599,4.76e-06,4.76e-06,4.6e-06,4.68e-06,12319733
1569279600,1569283199,4.68e-06,4.72e-06,4.63e-06,4.65e-06,2816978
1569283200,1569286799,4.65e-06,4.67e-06,4.55e-06,4.66e-06,7515719
1569286800,1569290399,4.66e-06,4.66e-06,4.6e-06,4.64e-06,816656
1569290400,1569293999,4.64e-06,4.64e-06,4.59e-06,4.61e-06,1295447
1569294000,1569297599,4.61e-06,4.64e-06,4.6e-06,4.64e-06,1747561
1569297600,1569301199,4.64e-06,4.66e-06,4.64e-06,4.65e-06,1941309
1569301200,1569304799,4.65e-06,4.67e-06,4.65e-06,4.65e-06,1066284
1569304800,1569308399,4.65e-06,4.68e-06,4.65e-06,4.67e-06,2412523
1569308400,1569311999,4.67e-06,4.68e-06,4.6e-06,4.61e-06,2671551
1569312000,1569315599,4.61e-06,4.67e-06,4.61e-06,4.65e-06,5610251
1569315600,1569319199,4.65e-06,4.66e-06,4.6e-06,4.65e-06,3121467
1569319200,1569322799,4.65e-06,4.67e-06,4.65e-06,4.66e-06,521684
1569322800,1569326399,4.66e-06,4.69e-06,4.66e-06,4.68e-06,852795
1569326400,1569329999,4.68e-06,4.67e-06,4.65e-06,4.65e-06,488577
1569330000,1569333599,4.65e-06,4.65e-06,4.6e-06,4.62e-06,1907466
1569333600,1569337199,4.62e-06,4.63e-06,4.56e-06,4.57e-06,2585286
1569337200,1569340799,4.57e-06,4.6e-06,4.5e-06,4.59e-06,8695668
1569340800,1569344399,4.59e-06,4.62e-06,4.53e-06,4.55e-06,6878560
1569344400,1569347999,4.55e-06,4.61e-06,4.51e-06,4.61e-06,3303818
1569348000,1569351599,4.61e-06,4.75e-06,4.53e-06,4.67e-06,8773041
1569351600,1569355199,4.67e-06,4.67e-06,4.15e-06,4.21e-06,50230760
1569355200,1569358799,4.21e-06,4.39e-06,4.21e-06,4.34e-06,10524754
1569358800,1569362399,4.34e-06,4.35e-06,4.29e-06,4.34e-06,975324
1569362400,1569365999,4.34e-06,4.36e-06,4.32e-06,4.32e-06,2050985
1569366000,1569369599,4.32e-06,4.34e-06,4.21e-06,4.23e-06,2363468
1569369600,1569373199,4.23e-06,4.24e-06,4.18e-06,4.24e-06,3916955
1569373200,1569376799,4.24e-06,4.33e-06,4.24e-06,4.33e-06,3306253
1569376800,1569380399,4.33e-06,4.36e-06,4.28e-06,4.3e-06,848763
1569380400,1569383999,4.3e-06,4.34e-06,4.29e-06,4.34e-06,1310193
1569384000,1569387599,4.34e-06,4.34e-06,4.25e-06,4.29e-06,1244925
1569387600,1569391199,4.29e-06,4.3e-06,4.29e-06,4.29e-06,202505
1569391200,1569394799,4.29e-06,4.32e-06,4.29e-06,4.32e-06,1227076
1569394800,1569398399,4.32e-06,4.32e-06,4.28e-06,4.29e-06,607719
1569398400,1569401999,4.29e-06,4.28e-06,4.23e-06,4.24e-06,692839
1569402000,1569405599,4.24e-06,4.32e-06,4.24e-06,4.31e-06,2514753
1569405600,1569409199,4.31e-06,4.35e-06,4.27e-06,4.31e-06,2070478
1569409200,1569412799,4.31e-06,4.33e-06,4.3e-06,4.3e-06,158056
1569412800,1569416399,4.3e-06,4.35e-06,4.28e-06,4.28e-06,1002471
1569416400,1569419999,4.28e-06,4.39e-06,4.28e-06,4.38e-06,1883299
1569420000,1569423599,4.38e-06,4.41e-06,4.37e-06,4.4e-06,8854539
1569423600,1569427199,4.4e-06,4.47e-06,4.4e-06,4.46e-06,3962318
1569427200,1569430799,4.46e-06,4.49e-06,4.44e-06,4.49e-06,1729814
1569430800,1569434399,4.49e-06,4.56e-06,4.49e-06,4.55e-06,8164353
1569434400,1569437999,4.55e-06,4.55e-06,4.52e-06,4.54e-06,4671121
1569438000,1569441599,4.54e-06,4.53e-06,4.51e-06,4.53e-06,1001728
1569441600,1569445199,4.53e-06,4.53e-06,4.52e-06,4.53e-06,818547
1569445200,1569448799,4.53e-06,4.55e-06,4.52e-06,4.55e-06,879714
1569448800,1569452399,4.55e-06,4.6e-06,4.54e-06,4.54e-06,6851153
1569452400,1569455999,4.54e-06,4.56e-06,4.54e-06,4.56e-06,518465
1569456000,1569459599,4.56e-06,4.59e-06,4.56e-06,4.56e-06,2209755
1569459600,1569463199,4.56e-06,4.55e-06,4.5e-06,4.51e-06,3639711
1569463200,1569466799,4.51e-06,4.51e-06,4.48e-06,4.49e-06,861015
1569466800,1569470399,4.49e-06,4.51e-06,4.48e-06,4.51e-06,591810
1569470400,1569473999,4.51e-06,4.53e-06,4.51e-06,4.53e-06,609332
1569474000,1569477599,4.53e-06,4.56e-06,4.53e-06,4.56e-06,710698
1569477600,1569481199,4.56e-06,4.57e-06,4.56e-06,4.57e-06,48867
1569481200,1569484799,4.57e-06,4.58e-06,4.54e-06,4.56e-06,2936667
1569484800,1569488399,4.56e-06,4.65e-06,4.55e-06,4.62e-06,4578895
1569488400,1569491999,4.62e-06,4.71e-06,4.61e-06,4.71e-06,7012344
1569492000,1569495599,4.71e-06,4.73e-06,4.66e-06,4.69e-06,7531154
1569495600,1569499199,4.69e-06,4.71e-06,4.64e-06,4.68e-06,7156648
1569499200,1569502799,4.68e-06,4.69e-06,4.68e-06,4.68e-06,705543
1569502800,1569506399,4.68e-06,4.69e-06,4.6e-06,4.61e-06,4871574
1569506400,1569509999,4.61e-06,4.68e-06,4.6e-06,4.64e-06,7036795
1569510000,1569513599,4.64e-06,4.65e-06,4.59e-06,4.59e-06,11918642
1569513600,1569517199,4.59e-06,4.6e-06,4.49e-06,4.58e-06,18353662
1569517200,1569520799,4.58e-06,4.59e-06,4.54e-06,4.55e-06,4412318
1569520800,1569524399,4.55e-06,4.65e-06,4.55e-06,4.62e-06,6002460
1569524400,1569527999,4.62e-06,4.65e-06,4.62e-06,4.64e-06,372701
1569528000,1569531599,4.64e-06,4.63e-06,4.58e-06,4.58e-06,2514792
1569531600,1569535199,4.58e-06,4.61e-06,4.59e-06,4.61e-06,995638
1569535200,1569538799,4.61e-06,4.69e-06,4.6e-06,4.69e-06,3595181
1569538800,1569542399,4.69e-06,4.77e-06,4.69e-06,4.76e-06,7328486
1569542400,1569545999,4.76e-06,4.78e-06,4.74e-06,4.74e-06,7458609
1569546000,1569549599,4.74e-06,4.81e-06,4.69e-06,4.75e-06,18252885
1569549600,1569553199,4.75e-06,4.75e-06,4.68e-06,4.69e-06,2792282
1569553200,1569556799,4.69e-06,4.77e-06,4.69e-06,4.76e-06,4435901
1569556800,1569560399,4.76e-06,4.77e-06,4.76e-06,4.76e-06,996906
1569560400,1569563999,4.76e-06,4.77e-06,4.74e-06,4.74e-06,1005992
1569564000,1569567599,4.74e-06,4.8e-06,4.74e-06,4.8e-06,4581116
1569567600,1569571199,4.8e-06,4.82e-06,4.79e-06,4.81e-06,4574926
1569571200,1569574799,4.81e-06,4.85e-06,4.82e-06,4.83e-06,10508945
1569574800,1569578399,4.83e-06,4.84e-06,4.83e-06,4.83e-06,1309864
1569578400,1569581999,4.83e-06,4.85e-06,4.79e-06,4.8e-06,10094618
1569582000,1569585599,4.8e-06,4.8e-06,4.79e-06,4.8e-06,3829389
1569585600,1569589199,4.8e-06,4.85e-06,4.78e-06,4.79e-06,7389311
1569589200,1569592799,4.79e-06,4.8e-06,4.79e-06,4.79e-06,561298
1569592800,1569596399,4.79e-06,4.8e-06,4.77e-06,4.78e-06,1805553
1569596400,1569599999,4.78e-06,4.78e-06,4.75e-06,4.76e-06,10362073
1569600000,1569603599,4.76e-06,4.85e-06,4.77e-06,4.82e-06,5596967
1569603600,1569607199,4.82e-06,4.82e-06,4.81e-06,4.81e-06,303216
1569607200,1569610799,4.81e-06,4.82e-06,4.81e-06,4.81e-06,360160
1569610800,1569614399,4.81e-06,4.83e-06,4.81e-06,4.82e-06,1861688
1569614400,1569617999,4.82e-06,4.88e-06,4.82e-06,4.86e-06,13608345
1569618000,1569621599,4.86e-06,4.87e-06,4.82e-06,4.83e-06,3543863
1569621600,1569625199,4.83e-06,4.88e-06,4.82e-06,4.85e-06,5962377
1569625200,1569628799,4.85e-06,4.86e-06,4.83e-06,4.83e-06,737540
1569628800,1569632399,4.83e-06,4.84e-06,4.81e-06,4.81e-06,2854091
1569632400,1569635999,4.81e-06,4.82e-06,4.81e-06,4.81e-06,685935
1569636000,1569639599,4.81e-06,4.82e-06,4.81e-06,4.81e-06,2928844
1569639600,1569643199,4.81e-06,4.82e-06,4.81e-06,4.81e-06,608996
1569643200,1569646799,4.81e-06,4.82e-06,4.81e-06,4.81e-06,1374708
1569646800,1569650399,4.81e-06,4.82e-06,4.81e-06,4.82e-06,966851
1569650400,1569653999,4.82e-06,4.82e-06,4.81e-06,4.82e-06,299773
1569654000,1569657599,4.82e-06,4.82e-06,4.81e-06,4.81e-06,286018
1569657600,1569661199,4.81e-06,4.82e-06,4.79e-06,4.79e-06,3679251
1569661200,1569664799,4.79e-06,4.8e-06,4.79e-06,4.79e-06,730324
1569664800,1569668399,4.79e-06,4.8e-06,4.79e-06,4.79e-06,2160494
1569668400,1569671999,4.79e-06,4.8e-06,4.79e-06,4.8e-06,3587990
1569672000,1569675599,4.8e-06,4.8e-06,4.79e-06,4.79e-06,6247717
1569675600,1569679199,4.79e-06,4.8e-06,4.78e-06,4.79e-06,7079818
1569679200,1569682799,4.79e-06,4.79e-06,4.78e-06,4.78e-06,434182
1569682800,1569686399,4.78e-06,4.79e-06,4.78e-06,4.78e-06,1343582
1569686400,1569689999,4.78e-06,4.79e-06,4.78e-06,4.78e-06,4495638
1569690000,1569693599,4.78e-06,4.79e-06,4.77e-06,4.77e-06,902989
1569693600,1569697199,4.77e-06,4.78e-06,4.77e-06,4.77e-06,387795
1569697200,1569700799,4.77e-06,4.78e-06,4.77e-06,4.78e-06,516697
1569700800,1569704399,4.78e-06,4.78e-06,4.76e-06,4.76e-06,1118810
1569704400,1569707999,4.76e-06,4.77e-06,4.76e-06,4.76e-06,355327
1569708000,1569711599,4.76e-06,4.77e-06,4.7e-06,4.7e-06,5134127
1569711600,1569715199,4.7e-06,4.71e-06,4.7e-06,4.71e-06,927222
1569715200,1569718799,4.71e-06,4.71e-06,4.69e-06,4.69e-06,4732860
1569718800,1569722399,4.69e-06,4.69e-06,4.68e-06,4.69e-06,1260985
1569722400,1569725999,4.69e-06,4.69e-06,4.68e-06,4.69e-06,925061
1569726000,1569729599,4.69e-06,4.69e-06,4.68e-06,4.68e-06,730939
1569729600,1569733199,4.68e-06,4.69e-06,4.68e-06,4.68e-06,589903
1569733200,1569736799,4.68e-06,4.69e-06,4.66e-06,4.66e-06,4692069
1569736800,1569740399,4.66e-06,4.66e-06,4.63e-06,4.64e-06,6018367
1569740400,1569743999,4.64e-06,4.64e-06,4.6e-06,4.6e-06,3273519
1569744000,1569747599,4.6e-06,4.61e-06,4.6e-06,4.6e-06,2521453
1569747600,1569751199,4.6e-06,4.61e-06,4.6e-06,4.61e-06,212253
1569751200,1569754799,4.61e-06,4.61e-06,4.6e-06,4.61e-06,2143990
1569754800,1569758399,4.61e-06,4.61e-06,4.6e-06,4.6e-06,4810428
1569758400,1569761999,4.6e-06,4.61e-06,4.52e-06,4.58e-06,23994106
1569762000,1569765599,4.58e-06,4.59e-06,4.55e-06,4.59e-06,4713178
1569765600,1569769199,4.59e-06,4.6e-06,4.56e-06,4.59e-06,9249336
1569769200,1569772799,4.59e-06,4.61e-06,4.57e-06,4.61e-06,7867817
1569772800,1569776399,4.61e-06,4.67e-06,4.6e-06,4.67e-06,10198495
1569776400,1569779999,4.67e-06,4.68e-06,4.67e-06,4.68e-06,1174864
1569780000,1569783599,4.68e-06,4.68e-06,4.67e-06,4.67e-06,1779370
1569783600,1569787199,4.67e-06,4.68e-06,4.67e-06,4.68e-06,674292
1569787200,1569790799,4.68e-06,4.69e-06,4.67e-06,4.69e-06,1219489
1569790800,1569794399,4.69e-06,4.69e-06,4.68e-06,4.68e-06,1239324
1569794400,1569797999,4.68e-06,4.69e-06,4.68e-06,4.69e-06,2812508
1569798000,1569801599,4.69e-06,4.69e-06,4.68e-06,4.68e-06,1568926
1569801600,1569805199,4.68e-06,4.68e-06,4.62e-06,4.62e-06,3715945
1569805200,1569808799,4.62e-06,4.63e-06,4.62e-06,4.62e-06,410259
1569808800,1569812399,4.62e-06,4.62e-06,4.61e-06,4.61e-06,352314
1569812400,1569815999,4.61e-06,4.62e-06,4.61e-06,4.62e-06,149928
1569816000,1569819599,4.62e-06,4.65e-06,4.61e-06,4.64e-06,4890398
1569819600,1569823199,4.64e-06,4.77e-06,4.64e-06,4.76e-06,12159686
1569823200,1569826799,4.76e-06,4.77e-06,4.76e-06,4.76e-06,4051276
1569826800,1569830399,4.76e-06,4.77e-06,4.76e-06,4.76e-06,3154769
1569830400,1569833999,4.76e-06,4.77e-06,4.69e-06,4.69e-06,20129124
1569834000,1569837599,4.69e-06,4.82e-06,4.67e-06,4.82e-06,22512839
1569837600,1569841199,4.82e-06,4.84e-06,4.77e-06,4.78e-06,8602339
1569841200,1569844799,4.78e-06,4.87e-06,4.77e-06,4.86e-06,16702290
1569844800,1569848399,4.86e-06,4.88e-06,4.81e-06,4.83e-06,16739332
1569848400,1569851999,4.83e-06,4.84e-06,4.79e-06,4.82e-06,7283401
1569852000,1569855599,4.82e-06,4.82e-06,4.8e-06,4.8e-06,1711449
1569855600,1569859199,4.8e-06,4.81e-06,4.75e-06,4.76e-06,9971276
1569859200,1569862799,4.76e-06,4.78e-06,4.74e-06,4.74e-06,5040198
1569862800,1569866399,4.74e-06,4.77e-06,4.74e-06,4.77e-06,2023526
1569866400,1569869999,4.77e-06,4.81e-06,4.76e-06,4.77e-06,8987589
1569870000,1569873599,4.77e-06,4.79e-06,4.77e-06,4.77e-06,2536580
1569873600,1569877199,4.77e-06,4.78e-06,4.7e-06,4.73e-06,6315045
1569877200,1569880799,4.73e-06,4.75e-06,4.71e-06,4.71e-06,1740048
1569880800,1569884399,4.71e-06,4.75e-06,4.71e-06,4.74e-06,3692327
1569884400,1569887999,4.74e-06,4.73e-06,4.71e-06,4.72e-06,977275
1569888000,1569891599,4.72e-06,4.72e-06,4.71e-06,4.72e-06,9473032
1569891600,1569895199,4.72e-06,4.8e-06,4.71e-06,4.79e-06,9756777
1569895200,1569898799,4.79e-06,4.79e-06,4.72e-06,4.75e-06,8309272
1569898800,1569902399,4.75e-06,4.75e-06,4.7e-06,4.71e-06,4435789
1569902400,1569905999,4.71e-06,4.72e-06,4.7e-06,4.7e-06,2697832
1569906000,1569909599,4.7e-06,4.71e-06,4.68e-06,4.69e-06,5459913
1569909600,1569913199,4.69e-06,4.7e-06,4.68e-06,4.7e-06,4436318
1569913200,1569916799,4.7e-06,4.7e-06,4.67e-06,4.69e-06,3779360
1569916800,1569920399,4.69e-06,4.72e-06,4.68e-06,4.72e-06,1695241
1569920400,1569923999,4.72e-06,4.72e-06,4.68e-06,4.68e-06,3991965
1569924000,1569927599,4.68e-06,4.69e-06,4.68e-06,4.69e-06,2334997
1569927600,1569931199,4.69e-06,4.75e-06,4.7e-06,4.71e-06,6092966
1569931200,1569934799,4.71e-06,4.72e-06,4.67e-06,4.67e-06,5051665
1569934800,1569938399,4.67e-06,4.68e-06,4.64e-06,4.64e-06,4739821
1569938400,1569941999,4.64e-06,4.67e-06,4.64e-06,4.67e-06,1051648
1569942000,1569945599,4.67e-06,4.66e-06,4.63e-06,4.64e-06,4335733
1569945600,1569949199,4.64e-06,4.67e-06,4.63e-06,4.63e-06,4264392
1569949200,1569952799,4.63e-06,4.63e-06,4.61e-06,4.62e-06,7899459
1569952800,1569956399,4.62e-06,4.61e-06,4.6e-06,4.6e-06,6716703
1569956400,1569959999,4.6e-06,4.61e-06,4.6e-06,4.6e-06,2608739
1569960000,1569963599,4.6e-06,4.61e-06,4.6e-06,4.6e-06,2972218
1569963600,1569967199,4.6e-06,4.61e-06,4.58e-06,4.59e-06,2500874
1569967200,1569970799,4.59e-06,4.59e-06,4.57e-06,4.58e-06,7965694
1569970800,1569974399,4.58e-06,4.58e-06,4.57e-06,4.57e-06,1029403
1569974400,1569977999,4.57e-06,4.58e-06,4.57e-06,4.58e-06,1500558
1569978000,1569981599,4.58e-06,4.58e-06,4.57e-06,4.58e-06,243501
1569981600,1569985199,4.58e-06,4.58e-06,4.57e-06,4.58e-06,191751
1569985200,1569988799,4.58e-06,4.58e-06,4.57e-06,4.58e-06,3354326
1569988800,1569992399,4.58e-06,4.64e-06,4.58e-06,4.61e-06,10554092
1569992400,1569995999,4.61e-06,4.62e-06,4.61e-06,4.61e-06,182444
1569996000,1569999599,4.61e-06,4.62e-06,4.61e-06,4.62e-06,1858004
1569999600,1570003199,4.62e-06,4.66e-06,4.61e-06,4.66e-06,7001449
1570003200,1570006799,4.66e-06,4.71e-06,4.65e-06,4.71e-06,7627679
1570006800,1570010399,4.71e-06,4.71e-06,4.7e-06,4.71e-06,3505874
1570010400,1570013999,4.71e-06,4.72e-06,4.7e-06,4.72e-06,2925377
1570014000,1570017599,4.72e-06,4.72e-06,4.71e-06,4.72e-06,2545038
1570017600,1570021199,4.72e-06,4.74e-06,4.69e-06,4.71e-06,26891383
1570021200,1570024799,4.71e-06,4.79e-06,4.71e-06,4.79e-06,11372974
1570024800,1570028399,4.79e-06,4.79e-06,4.78e-06,4.79e-06,16484406
1570028400,1570031999,4.79e-06,4.8e-06,4.79e-06,4.79e-06,7409267
1570032000,1570035599,4.79e-06,4.83e-06,4.75e-06,4.76e-06,16059435
1570035600,1570039199,4.76e-06,4.78e-06,4.75e-06,4.77e-06,3890438
1570039200,1570042799,4.77e-06,4.78e-06,4.75e-06,4.76e-06,4315547
1570042800,1570046399,4.76e-06,4.78e-06,4.75e-06,4.78e-06,1883642
1570046400,1570049999,4.78e-06,4.79e-06,4.77e-06,4.79e-06,1773525
1570050000,1570053599,4.79e-06,4.81e-06,4.78e-06,4.81e-06,4515466
1570053600,1570057199,4.81e-06,4.81e-06,4.8e-06,4.8e-06,740152
1570057200,1570060799,4.8e-06,4.81e-06,4.73e-06,4.73e-06,6876506
1570060800,1570064399,4.73e-06,4.75e-06,4.73e-06,4.74e-06,1812665
1570064400,1570067999,4.74e-06,4.75e-06,4.74e-06,4.74e-06,522026
1570068000,1570071599,4.74e-06,4.77e-06,4.74e-06,4.77e-06,708789
1570071600,1570075199,4.77e-06,4.81e-06,4.76e-06,4.8e-06,6020343
1570075200,1570078799,4.8e-06,4.82e-06,4.76e-06,4.77e-06,7894016
1570078800,1570082399,4.77e-06,4.77e-06,4.73e-06,4.73e-06,6085238
1570082400,1570085999,4.73e-06,4.74e-06,4.73e-06,4.74e-06,671822
1570086000,1570089599,4.74e-06,4.74e-06,4.73e-06,4.74e-06,457810
1570089600,1570093199,4.74e-06,4.74e-06,4.73e-06,4.74e-06,316632
1570093200,1570096799,4.74e-06,4.74e-06,4.73e-06,4.74e-06,564899
1570096800,1570100399,4.74e-06,4.74e-06,4.72e-06,4.72e-06,1455321
1570100400,1570103999,4.72e-06,4.73e-06,4.69e-06,4.69e-06,3433044
1570104000,1570107599,4.69e-06,4.7e-06,4.69e-06,4.7e-06,1112111
1570107600,1570111199,4.7e-06,4.7e-06,4.69e-06,4.69e-06,2429611
1570111200,1570114799,4.69e-06,4.7e-06,4.66e-06,4.66e-06,6134167
1570114800,1570118399,4.66e-06,4.66e-06,4.64e-06,4.64e-06,17234652
1570118400,1570121999,4.64e-06,4.65e-06,4.64e-06,4.65e-06,3364061
1570122000,1570125599,4.65e-06,4.64e-06,4.6e-06,4.61e-06,17877389
1570125600,1570129199,4.61e-06,4.66e-06,4.59e-06,4.64e-06,17093888
1570129200,1570132799,4.64e-06,4.66e-06,4.62e-06,4.65e-06,3540779
1570132800,1570136399,4.65e-06,4.65e-06,4.63e-06,4.64e-06,830570
1570136400,1570139999,4.64e-06,4.67e-06,4.63e-06,4.66e-06,1595672
1570140000,1570143599,4.66e-06,4.69e-06,4.67e-06,4.68e-06,3039197
1570143600,1570147199,4.68e-06,4.67e-06,4.64e-06,4.65e-06,3494427
1570147200,1570150799,4.65e-06,4.66e-06,4.64e-06,4.66e-06,2157831
1570150800,1570154399,4.66e-06,4.67e-06,4.65e-06,4.67e-06,1334387
1570154400,1570157999,4.67e-06,4.69e-06,4.66e-06,4.69e-06,3488689
1570158000,1570161599,4.69e-06,4.69e-06,4.67e-06,4.67e-06,1556607
1570161600,1570165199,4.67e-06,4.71e-06,4.67e-06,4.7e-06,8716150
1570165200,1570168799,4.7e-06,4.72e-06,4.7e-06,4.71e-06,2833292
1570168800,1570172399,4.71e-06,4.73e-06,4.71e-06,4.73e-06,3625160
1570172400,1570175999,4.73e-06,4.76e-06,4.73e-06,4.76e-06,6181811
1570176000,1570179599,4.76e-06,4.77e-06,4.75e-06,4.77e-06,7733674
1570179600,1570183199,4.77e-06,4.8e-06,4.75e-06,4.75e-06,10844367
1570183200,1570186799,4.75e-06,4.83e-06,4.75e-06,4.77e-06,16904812
1570186800,1570190399,4.77e-06,4.78e-06,4.77e-06,4.78e-06,2699014
1570190400,1570193999,4.78e-06,4.8e-06,4.77e-06,4.79e-06,4844421
1570194000,1570197599,4.79e-06,4.95e-06,4.79e-06,4.95e-06,41171275
1570197600,1570201199,4.95e-06,4.95e-06,4.94e-06,4.95e-06,12740818
1570201200,1570204799,4.95e-06,4.95e-06,4.94e-06,4.94e-06,10328255
1570204800,1570208399,4.94e-06,4.98e-06,4.94e-06,4.97e-06,7497677
1570208400,1570211999,4.97e-06,4.98e-06,4.9e-06,4.93e-06,27431264
1570212000,1570215599,4.93e-06,4.94e-06,4.9e-06,4.92e-06,2882157
1570215600,1570219199,4.92e-06,4.93e-06,4.91e-06,4.93e-06,1102151
1570219200,1570222799,4.93e-06,4.96e-06,4.92e-06,4.94e-06,5097898
1570222800,1570226399,4.94e-06,4.95e-06,4.9e-06,4.9e-06,5222424
1570226400,1570229999,4.9e-06,4.92e-06,4.88e-06,4.9e-06,5602889
1570230000,1570233599,4.9e-06,4.91e-06,4.88e-06,4.89e-06,893966
1570233600,1570237199,4.89e-06,4.92e-06,4.88e-06,4.92e-06,6062905
1570237200,1570240799,4.92e-06,4.94e-06,4.9e-06,4.93e-06,2260132
1570240800,1570244399,4.93e-06,4.94e-06,4.9e-06,4.92e-06,2107107
1570244400,1570247999,4.92e-06,4.93e-06,4.92e-06,4.93e-06,956181
1570248000,1570251599,4.93e-06,4.93e-06,4.92e-06,4.93e-06,2588420
1570251600,1570255199,4.93e-06,4.93e-06,4.9e-06,4.9e-06,2242379
1570255200,1570258799,4.9e-06,4.91e-06,4.9e-06,4.91e-06,1542139
1570258800,1570262399,4.91e-06,4.91e-06,4.89e-06,4.9e-06,2764015
1570262400,1570265999,4.9e-06,4.9e-06,4.89e-06,4.89e-06,2206922
1570266000,1570269599,4.89e-06,4.9e-06,4.89e-06,4.89e-06,630570
1570269600,1570273199,4.89e-06,4.89e-06,4.88e-06,4.88e-06,2273912
1570273200,1570276799,4.88e-06,4.89e-06,4.88e-06,4.89e-06,449287
1570276800,1570280399,4.89e-06,4.89e-06,4.88e-06,4.88e-06,868521
1570280400,1570283999,4.88e-06,4.89e-06,4.86e-06,4.87e-06,6090529
1570284000,1570287599,4.87e-06,4.87e-06,4.86e-06,4.87e-06,5980472
1570287600,1570291199,4.87e-06,4.97e-06,4.87e-06,4.97e-06,29805609
1570291200,1570294799,4.97e-06,4.98e-06,4.92e-06,4.94e-06,9513655
1570294800,1570298399,4.94e-06,4.95e-06,4.92e-06,4.92e-06,10583008
1570298400,1570301999,4.92e-06,4.94e-06,4.9e-06,4.93e-06,5156294
1570302000,1570305599,4.93e-06,4.94e-06,4.93e-06,4.94e-06,1543083
1570305600,1570309199,4.94e-06,4.94e-06,4.9e-06,4.91e-06,3768362
1570309200,1570312799,4.91e-06,4.91e-06,4.87e-06,4.89e-06,5643470
1570312800,1570316399,4.89e-06,4.94e-06,4.88e-06,4.94e-06,4716169
1570316400,1570319999,4.94e-06,4.95e-06,4.94e-06,4.94e-06,3395093
1570320000,1570323599,4.94e-06,4.95e-06,4.94e-06,4.95e-06,727933
1570323600,1570327199,4.95e-06,4.96e-06,4.93e-06,4.94e-06,4657879
1570327200,1570330799,4.94e-06,4.96e-06,4.94e-06,4.95e-06,2476142
1570330800,1570334399,4.95e-06,5.01e-06,4.94e-06,5.01e-06,5172120
1570334400,1570337999,5.01e-06,5.05e-06,5e-06,5e-06,23284024
1570338000,1570341599,5e-06,5.05e-06,4.99e-06,5.05e-06,7019849
1570341600,1570345199,5.05e-06,5.05e-06,5.01e-06,5.03e-06,5473532
1570345200,1570348799,5.03e-06,5.03e-06,5e-06,5.01e-06,7950883
1570348800,1570352399,5.01e-06,5.03e-06,5e-06,5e-06,5134469
1570352400,1570355999,5e-06,5.02e-06,4.97e-06,4.97e-06,6261891
1570356000,1570359599,4.97e-06,4.99e-06,4.97e-06,4.98e-06,5285604
1570359600,1570363199,4.98e-06,5.04e-06,4.97e-06,5.03e-06,5696128
1570363200,1570366799,5.03e-06,5.04e-06,5.01e-06,5.01e-06,3118197
1570366800,1570370399,5.01e-06,5.02e-06,5e-06,5e-06,1786336
1570370400,1570373999,5e-06,5.01e-06,4.96e-06,4.98e-06,9350393
1570374000,1570377599,4.98e-06,5e-06,4.96e-06,5e-06,4035848
1570377600,1570381199,5e-06,5.01e-06,4.97e-06,5e-06,2948887
1570381200,1570384799,5e-06,5e-06,4.98e-06,4.98e-06,1710721
1570384800,1570388399,4.98e-06,4.99e-06,4.9e-06,4.9e-06,17457758
1570388400,1570391999,4.9e-06,4.91e-06,4.9e-06,4.9e-06,1956725
1570392000,1570395599,4.9e-06,4.91e-06,4.9e-06,4.91e-06,5690543
1570395600,1570399199,4.91e-06,4.95e-06,4.9e-06,4.94e-06,9798144
1570399200,1570402799,4.94e-06,4.95e-06,4.94e-06,4.94e-06,3120809
1570402800,1570406399,4.94e-06,4.95e-06,4.94e-06,4.95e-06,1740242
1570406400,1570409999,4.95e-06,4.95e-06,4.94e-06,4.95e-06,3944485
1570410000,1570413599,4.95e-06,4.95e-06,4.93e-06,4.93e-06,3323858
1570413600,1570417199,4.93e-06,4.94e-06,4.92e-06,4.92e-06,995361
1570417200,1570420799,4.92e-06,4.98e-06,4.92e-06,4.96e-06,42911161
1570420800,1570424399,4.96e-06,5e-06,4.97e-06,5e-06,8166033
1570424400,1570427999,5e-06,5e-06,4.99e-06,5e-06,2875659
1570428000,1570431599,5e-06,5.01e-06,4.99e-06,5.01e-06,4378033
1570431600,1570435199,5.01e-06,5.03e-06,5e-06,5.01e-06,7596836
1570435200,1570438799,5.01e-06,5.13e-06,5e-06,5.13e-06,30430442
1570438800,1570442399,5.13e-06,5.14e-06,5.12e-06,5.13e-06,10611130
1570442400,1570445999,5.13e-06,5.16e-06,5.05e-06,5.06e-06,84233725
1570446000,1570449599,5.06e-06,5.14e-06,5.06e-06,5.11e-06,15809593
1570449600,1570453199,5.11e-06,5.16e-06,5.08e-06,5.09e-06,24037537
1570453200,1570456799,5.09e-06,5.14e-06,5.07e-06,5.12e-06,22472633
1570456800,1570460399,5.12e-06,5.15e-06,5.12e-06,5.13e-06,9795238
1570460400,1570463999,5.13e-06,5.14e-06,5.1e-06,5.11e-06,4831196
1570464000,1570467599,5.11e-06,5.17e-06,5.1e-06,5.15e-06,6084253
1570467600,1570471199,5.15e-06,5.16e-06,5.07e-06,5.09e-06,9651847
1570471200,1570474799,5.09e-06,5.09e-06,5.04e-06,5.08e-06,9797652
1570474800,1570478399,5.08e-06,5.08e-06,5.06e-06,5.08e-06,1428167
1570478400,1570481999,5.08e-06,5.09e-06,5.04e-06,5.06e-06,10176832
1570482000,1570485599,5.06e-06,5.07e-06,5.05e-06,5.07e-06,2296609
1570485600,1570489199,5.07e-06,5.1e-06,5.06e-06,5.1e-06,2355077
1570489200,1570492799,5.1e-06,5.13e-06,5.1e-06,5.12e-06,3156972
1570492800,1570496399,5.12e-06,5.12e-06,5.08e-06,5.09e-06,1166988
1570496400,1570499999,5.09e-06,5.14e-06,5.08e-06,5.14e-06,6313682
1570500000,1570503599,5.14e-06,5.15e-06,5.07e-06,5.08e-06,10155216
1570503600,1570507199,5.08e-06,5.08e-06,5.05e-06,5.06e-06,4380605
1570507200,1570510799,5.06e-06,5.06e-06,5.04e-06,5.04e-06,3417421
1570510800,1570514399,5.04e-06,5.05e-06,5.04e-06,5.05e-06,1932662
1570514400,1570517999,5.05e-06,5.05e-06,5.04e-06,5.05e-06,1824952
1570518000,1570521599,5.05e-06,5.05e-06,5.04e-06,5.05e-06,5677978
1570521600,1570525199,5.05e-06,5.05e-06,4.95e-06,4.97e-06,81094911
1570525200,1570528799,4.97e-06,5.02e-06,4.96e-06,5.02e-06,13784213
1570528800,1570532399,5.02e-06,5.03e-06,5e-06,5.01e-06,6098740
1570532400,1570535999,5.01e-06,5.02e-06,5.01e-06,5.01e-06,314149
1570536000,1570539599,5.01e-06,5.02e-06,5.01e-06,5.01e-06,899241
1570539600,1570543199,5.01e-06,5.02e-06,5.01e-06,5.02e-06,1535903
1570543200,1570546799,5.02e-06,5.02e-06,5.01e-06,5.02e-06,2464068
1570546800,1570550399,5.02e-06,5.02e-06,5e-06,5.01e-06,1227132
1570550400,1570553999,5.01e-06,5.08e-06,5.01e-06,5.07e-06,6360153
1570554000,1570557599,5.07e-06,5.11e-06,5.06e-06,5.11e-06,10637414
1570557600,1570561199,5.11e-06,5.13e-06,5.07e-06,5.08e-06,4971559
1570561200,1570564799,5.08e-06,5.08e-06,5.04e-06,5.04e-06,4142615
1570564800,1570568399,5.04e-06,5.05e-06,5.02e-06,5.02e-06,3534439
1570568400,1570571999,5.02e-06,5.04e-06,5.02e-06,5.03e-06,3094431
1570572000,1570575599,5.03e-06,5.1e-06,5.03e-06,5.1e-06,8534711
1570575600,1570579199,5.1e-06,5.11e-06,5.1e-06,5.11e-06,2234047
1570579200,1570582799,5.11e-06,5.11e-06,5.1e-06,5.11e-06,6963768
1570582800,1570586399,5.11e-06,5.11e-06,5.1e-06,5.11e-06,697670
1570586400,1570589999,5.11e-06,5.11e-06,5.1e-06,5.1e-06,6701219
1570590000,1570593599,5.1e-06,5.11e-06,5.1e-06,5.1e-06,1223424
1570593600,1570597199,5.1e-06,5.11e-06,5.06e-06,5.06e-06,6660173
1570597200,1570600799,5.06e-06,5.07e-06,5.06e-06,5.07e-06,591029
1570600800,1570604399,5.07e-06,5.1e-06,5.06e-06,5.1e-06,8252579
1570604400,1570607999,5.1e-06,5.23e-06,5.1e-06,5.23e-06,36294496
1570608000,1570611599,5.23e-06,5.3e-06,5.22e-06,5.3e-06,25206465
1570611600,1570615199,5.3e-06,5.31e-06,5.25e-06,5.29e-06,32962522
1570615200,1570618799,5.29e-06,5.36e-06,5.28e-06,5.31e-06,15583267
1570618800,1570622399,5.31e-06,5.32e-06,5.29e-06,5.32e-06,3308280
1570622400,1570625999,5.32e-06,5.32e-06,5.24e-06,5.24e-06,7784219
1570626000,1570629599,5.24e-06,5.26e-06,5.24e-06,5.26e-06,4682656
1570629600,1570633199,5.26e-06,5.28e-06,5.15e-06,5.16e-06,25160545
1570633200,1570636799,5.16e-06,5.16e-06,4.89e-06,5.01e-06,85433964
1570636800,1570640399,5.01e-06,5.04e-06,4.97e-06,5.02e-06,27623331
1570640400,1570643999,5.02e-06,5.02e-06,4.92e-06,4.94e-06,11208050
1570644000,1570647599,4.94e-06,4.98e-06,4.9e-06,4.97e-06,12955410
1570647600,1570651199,4.97e-06,4.99e-06,4.96e-06,4.96e-06,4437071
1570651200,1570654799,4.96e-06,5e-06,4.96e-06,5e-06,7722400
1570654800,1570658399,5e-06,5.03e-06,4.98e-06,5.03e-06,3909340
1570658400,1570661999,5.03e-06,5.04e-06,4.97e-06,5.02e-06,8248762
1570662000,1570665599,5.02e-06,5.02e-06,5e-06,5.01e-06,2734177
1570665600,1570669199,5.01e-06,5.01e-06,4.95e-06,4.95e-06,5961232
1570669200,1570672799,4.95e-06,4.99e-06,4.96e-06,4.96e-06,2350246
1570672800,1570676399,4.96e-06,4.96e-06,4.91e-06,4.91e-06,6641874
1570676400,1570679999,4.91e-06,4.92e-06,4.88e-06,4.88e-06,7363985
1570680000,1570683599,4.88e-06,4.89e-06,4.88e-06,4.88e-06,9353899
1570683600,1570687199,4.88e-06,4.89e-06,4.88e-06,4.89e-06,3366285
1570687200,1570690799,4.89e-06,4.89e-06,4.88e-06,4.89e-06,4270581
1570690800,1570694399,4.89e-06,4.89e-06,4.81e-06,4.87e-06,40852027
1570694400,1570697999,4.87e-06,4.87e-06,4.82e-06,4.83e-06,10623438
1570698000,1570701599,4.83e-06,4.86e-06,4.81e-06,4.85e-06,8434720
1570701600,1570705199,4.85e-06,4.87e-06,4.82e-06,4.82e-06,30182808
1570705200,1570708799,4.82e-06,4.87e-06,4.82e-06,4.87e-06,6384935
1570708800,1570712399,4.87e-06,4.89e-06,4.84e-06,4.88e-06,13332231
1570712400,1570715999,4.88e-06,4.89e-06,4.83e-06,4.88e-06,9848442
1570716000,1570719599,4.88e-06,4.88e-06,4.84e-06,4.86e-06,3834537
1570719600,1570723199,4.86e-06,4.87e-06,4.84e-06,4.84e-06,5857785
1570723200,1570726799,4.84e-06,4.86e-06,4.85e-06,4.85e-06,1678765
1570726800,1570730399,4.85e-06,4.87e-06,4.85e-06,4.85e-06,1076426
1570730400,1570733999,4.85e-06,4.89e-06,4.85e-06,4.89e-06,2794650
1570734000,1570737599,4.89e-06,4.94e-06,4.89e-06,4.93e-06,10688696
1570737600,1570741199,4.93e-06,4.94e-06,4.93e-06,4.93e-06,4449800
1570741200,1570744799,4.93e-06,4.94e-06,4.93e-06,4.94e-06,2073997
1570744800,1570748399,4.94e-06,4.94e-06,4.93e-06,4.93e-06,5828735
1570748400,1570751999,4.93e-06,4.94e-06,4.89e-06,4.89e-06,19505209
1570752000,1570755599,4.89e-06,4.92e-06,4.84e-06,4.88e-06,16945341
1570755600,1570759199,4.88e-06,4.9e-06,4.86e-06,4.89e-06,2169323
1570759200,1570762799,4.89e-06,4.89e-06,4.88e-06,4.89e-06,837931
1570762800,1570766399,4.89e-06,4.91e-06,4.88e-06,4.88e-06,1038457
1570766400,1570769999,4.88e-06,4.92e-06,4.85e-06,4.86e-06,6565589
1570770000,1570773599,4.86e-06,4.91e-06,4.85e-06,4.89e-06,4302025
1570773600,1570777199,4.89e-06,4.9e-06,4.88e-06,4.88e-06,2181383
1570777200,1570780799,4.88e-06,4.88e-06,4.87e-06,4.87e-06,1539646
1570780800,1570784399,4.87e-06,4.89e-06,4.85e-06,4.89e-06,4702070
1570784400,1570787999,4.89e-06,4.93e-06,4.89e-06,4.92e-06,7040967
1570788000,1570791599,4.92e-06,5e-06,4.91e-06,4.99e-06,25318159
1570791600,1570795199,4.99e-06,5e-06,4.93e-06,4.95e-06,13697112
1570795200,1570798799,4.95e-06,4.97e-06,4.94e-06,4.96e-06,2371080
1570798800,1570802399,4.96e-06,4.97e-06,4.94e-06,4.97e-06,2897492
1570802400,1570805999,4.97e-06,4.98e-06,4.94e-06,4.95e-06,11747674
1570806000,1570809599,4.95e-06,4.96e-06,4.94e-06,4.94e-06,450114
1570809600,1570813199,4.94e-06,4.95e-06,4.89e-06,4.89e-06,7314677
1570813200,1570816799,4.89e-06,4.89e-06,4.88e-06,4.88e-06,2595139
1570816800,1570820399,4.88e-06,4.88e-06,4.86e-06,4.86e-06,5061941
1570820400,1570823999,4.86e-06,4.87e-06,4.86e-06,4.87e-06,945168
1570824000,1570827599,4.87e-06,4.87e-06,4.86e-06,4.87e-06,607029
1570827600,1570831199,4.87e-06,4.87e-06,4.86e-06,4.87e-06,7904418
1570831200,1570834799,4.87e-06,4.87e-06,4.86e-06,4.86e-06,3170534
1570834800,1570838399,4.86e-06,4.87e-06,4.86e-06,4.87e-06,6451719
1570838400,1570841999,4.87e-06,4.87e-06,4.86e-06,4.86e-06,1448960
1570842000,1570845599,4.86e-06,4.87e-06,4.86e-06,4.87e-06,2319984
1570845600,1570849199,4.87e-06,4.88e-06,4.87e-06,4.87e-06,1948636
1570849200,1570852799,4.87e-06,4.9e-06,4.88e-06,4.9e-06,2321425
1570852800,1570856399,4.9e-06,4.94e-06,4.89e-06,4.93e-06,6067515
1570856400,1570859999,4.93e-06,4.93e-06,4.92e-06,4.93e-06,345425
1570860000,1570863599,4.93e-06,4.94e-06,4.92e-06,4.94e-06,4842806
1570863600,1570867199,4.94e-06,4.94e-06,4.93e-06,4.94e-06,1542644
1570867200,1570870799,4.94e-06,4.94e-06,4.92e-06,4.93e-06,948000
1570870800,1570874399,4.93e-06,4.93e-06,4.88e-06,4.89e-06,9064458
1570874400,1570877999,4.89e-06,4.89e-06,4.86e-06,4.86e-06,7152142
1570878000,1570881599,4.86e-06,4.87e-06,4.86e-06,4.86e-06,1266650
1570881600,1570885199,4.86e-06,4.9e-06,4.86e-06,4.9e-06,18462848
1570885200,1570888799,4.9e-06,4.95e-06,4.9e-06,4.95e-06,11374075
1570888800,1570892399,4.95e-06,4.95e-06,4.94e-06,4.94e-06,20040690
1570892400,1570895999,4.94e-06,4.95e-06,4.94e-06,4.94e-06,3349480
1570896000,1570899599,4.94e-06,4.95e-06,4.9e-06,4.92e-06,15425255
1570899600,1570903199,4.92e-06,4.92e-06,4.9e-06,4.91e-06,1396005
1570903200,1570906799,4.91e-06,4.92e-06,4.9e-06,4.92e-06,2083985
1570906800,1570910399,4.92e-06,4.92e-06,4.91e-06,4.91e-06,1047204
1570910400,1570913999,4.91e-06,4.92e-06,4.91e-06,4.92e-06,657390
1570914000,1570917599,4.92e-06,4.94e-06,4.91e-06,4.93e-06,1642281
1570917600,1570921199,4.93e-06,4.94e-06,4.93e-06,4.94e-06,489907
1570921200,1570924799,4.94e-06,4.94e-06,4.93e-06,4.93e-06,267409
1570924800,1570928399,4.93e-06,4.94e-06,4.93e-06,4.94e-06,174024
1570928400,1570931999,4.94e-06,4.94e-06,4.93e-06,4.94e-06,874655
1570932000,1570935599,4.94e-06,4.94e-06,4.93e-06,4.94e-06,112900
1570935600,1570939199,4.94e-06,4.94e-06,4.93e-06,4.93e-06,519655
1570939200,1570942799,4.93e-06,4.94e-06,4.91e-06,4.91e-06,872874
1570942800,1570946399,4.91e-06,4.92e-06,4.91e-06,4.92e-06,129174
1570946400,1570949999,4.92e-06,4.93e-06,4.92e-06,4.93e-06,1275754
1570950000,1570953599,4.93e-06,4.96e-06,4.92e-06,4.95e-06,1818575
1570953600,1570957199,4.95e-06,4.98e-06,4.96e-06,4.98e-06,2039558
1570957200,1570960799,4.98e-06,4.99e-06,4.96e-06,4.99e-06,5513060
1570960800,1570964399,4.99e-06,4.99e-06,4.98e-06,4.99e-06,1490562
1570964400,1570967999,4.99e-06,4.99e-06,4.98e-06,4.99e-06,1376322
1570968000,1570971599,4.99e-06,5.02e-06,4.99e-06,5.01e-06,15734302
1570971600,1570975199,5.01e-06,5.01e-06,4.94e-06,4.94e-06,15635784
1570975200,1570978799,4.94e-06,4.98e-06,4.94e-06,4.97e-06,5185194
1570978800,1570982399,4.97e-06,5.02e-06,4.97e-06,5.01e-06,5967919
1570982400,1570985999,5.01e-06,5.02e-06,4.97e-06,4.97e-06,4701016
1570986000,1570989599,4.97e-06,4.99e-06,4.96e-06,4.99e-06,3048912
1570989600,1570993199,4.99e-06,4.99e-06,4.96e-06,4.97e-06,3074585
1570993200,1570996799,4.97e-06,4.97e-06,4.96e-06,4.97e-06,364892
1570996800,1571000399,4.97e-06,5.01e-06,4.96e-06,5e-06,4837957
1571000400,1571003999,5e-06,5.01e-06,4.99e-06,4.99e-06,1610357
1571004000,1571007599,4.99e-06,5.02e-06,5e-06,5.01e-06,3755543
1571007600,1571011199,5.01e-06,5.06e-06,5.01e-06,5.06e-06,4616735
1571011200,1571014799,5.06e-06,5.06e-06,5.05e-06,5.05e-06,2023347
1571014800,1571018399,5.05e-06,5.07e-06,5.05e-06,5.06e-06,8282178
1571018400,1571021999,5.06e-06,5.1e-06,5.06e-06,5.08e-06,11680296
1571022000,1571025599,5.08e-06,5.1e-06,5.07e-06,5.08e-06,2885428
1571025600,1571029199,5.08e-06,5.1e-06,5.06e-06,5.09e-06,2780849
1571029200,1571032799,5.09e-06,5.13e-06,5.08e-06,5.09e-06,7067129
1571032800,1571036399,5.09e-06,5.1e-06,5.08e-06,5.1e-06,3782772
1571036400,1571039999,5.1e-06,5.12e-06,5.09e-06,5.12e-06,3491483
1571040000,1571043599,5.12e-06,5.12e-06,5.1e-06,5.11e-06,801813
1571043600,1571047199,5.11e-06,5.11e-06,5.1e-06,5.1e-06,2160163
1571047200,1571050799,5.1e-06,5.11e-06,5.1e-06,5.1e-06,1037823
1571050800,1571054399,5.1e-06,5.11e-06,5.1e-06,5.1e-06,1305671
1571054400,1571057999,5.1e-06,5.11e-06,5.07e-06,5.07e-06,5835535
1571058000,1571061599,5.07e-06,5.09e-06,5.07e-06,5.08e-06,2393176
1571061600,1571065199,5.08e-06,5.09e-06,5.07e-06,5.07e-06,887244
1571065200,1571068799,5.07e-06,5.08e-06,5.05e-06,5.05e-06,4204053
1571068800,1571072399,5.05e-06,5.05e-06,4.99e-06,5.03e-06,35281567
1571072400,1571075999,5.03e-06,5.04e-06,5.03e-06,5.04e-06,3994698
1571076000,1571079599,5.04e-06,5.07e-06,5.03e-06,5.03e-06,4025531
1571079600,1571083199,5.03e-06,5.03e-06,5.01e-06,5.01e-06,3321369
1571083200,1571086799,5.01e-06,5.02e-06,4.96e-06,4.97e-06,29278005
1571086800,1571090399,4.97e-06,4.97e-06,4.96e-06,4.97e-06,9101816
1571090400,1571093999,4.97e-06,5e-06,4.96e-06,5e-06,10837929
1571094000,1571097599,5e-06,5.03e-06,5e-06,5.03e-06,5875476
1571097600,1571101199,5.03e-06,5.03e-06,5.02e-06,5.03e-06,4201502
1571101200,1571104799,5.03e-06,5.03e-06,5.01e-06,5.01e-06,1902703
1571104800,1571108399,5.01e-06,5.02e-06,5.01e-06,5.01e-06,833686
1571108400,1571111999,5.01e-06,5.02e-06,5.01e-06,5.02e-06,493534
1571112000,1571115599,5.02e-06,5.02e-06,4.99e-06,4.99e-06,4570835
1571115600,1571119199,4.99e-06,5e-06,4.99e-06,4.99e-06,478802
1571119200,1571122799,4.99e-06,5e-06,4.99e-06,5e-06,70495
1571122800,1571126399,5e-06,5e-06,4.98e-06,4.98e-06,1918681
1571126400,1571129999,4.98e-06,4.98e-06,4.96e-06,4.97e-06,7333622
1571130000,1571133599,4.97e-06,4.98e-06,4.96e-06,4.97e-06,3489165
1571133600,1571137199,4.97e-06,5.02e-06,4.96e-06,5.02e-06,7209014
1571137200,1571140799,5.02e-06,5.04e-06,5.01e-06,5.03e-06,3507608
1571140800,1571144399,5.03e-06,5.04e-06,4.97e-06,4.98e-06,15401728
1571144400,1571147999,4.98e-06,5e-06,4.98e-06,5e-06,3694236
1571148000,1571151599,5e-06,5.02e-06,5e-06,5.01e-06,5819137
1571151600,1571155199,5.01e-06,5.02e-06,5.01e-06,5.01e-06,11979976
1571155200,1571158799,5.01e-06,5.02e-06,4.8e-06,4.87e-06,63882905
1571158800,1571162399,4.87e-06,4.89e-06,4.76e-06,4.87e-06,95660933
1571162400,1571165999,4.87e-06,4.88e-06,4.85e-06,4.88e-06,5703939
1571166000,1571169599,4.88e-06,4.88e-06,4.84e-06,4.84e-06,2298640
1571169600,1571173199,4.84e-06,4.86e-06,4.82e-06,4.84e-06,10925054
1571173200,1571176799,4.84e-06,4.85e-06,4.83e-06,4.84e-06,3599123
1571176800,1571180399,4.84e-06,4.85e-06,4.83e-06,4.85e-06,1378917
1571180400,1571183999,4.85e-06,4.87e-06,4.85e-06,4.86e-06,1950136
1571184000,1571187599,4.86e-06,4.89e-06,4.86e-06,4.88e-06,5241659
1571187600,1571191199,4.88e-06,4.89e-06,4.86e-06,4.87e-06,3420985
1571191200,1571194799,4.87e-06,4.87e-06,4.83e-06,4.84e-06,2976077
1571194800,1571198399,4.84e-06,4.88e-06,4.83e-06,4.88e-06,3243293
1571198400,1571201999,4.88e-06,4.87e-06,4.85e-06,4.86e-06,1348585
1571202000,1571205599,4.86e-06,4.86e-06,4.82e-06,4.84e-06,2583478
1571205600,1571209199,4.84e-06,4.85e-06,4.83e-06,4.84e-06,516583
1571209200,1571212799,4.84e-06,4.86e-06,4.84e-06,4.85e-06,2653045
1571212800,1571216399,4.85e-06,4.85e-06,4.84e-06,4.85e-06,556432
1571216400,1571219999,4.85e-06,4.85e-06,4.8e-06,4.8e-06,10024760
1571220000,1571223599,4.8e-06,4.82e-06,4.8e-06,4.82e-06,2773806
1571223600,1571227199,4.82e-06,4.82e-06,4.79e-06,4.81e-06,7085335
1571227200,1571230799,4.81e-06,4.82e-06,4.76e-06,4.79e-06,18208142
1571230800,1571234399,4.79e-06,4.83e-06,4.78e-06,4.82e-06,7064199
1571234400,1571237999,4.82e-06,4.83e-06,4.79e-06,4.79e-06,14078880
1571238000,1571241599,4.79e-06,4.8e-06,4.71e-06,4.79e-06,22794748
1571241600,1571245199,4.79e-06,4.8e-06,4.77e-06,4.78e-06,3625383
1571245200,1571248799,4.78e-06,4.79e-06,4.77e-06,4.78e-06,1859964
1571248800,1571252399,4.78e-06,4.78e-06,4.77e-06,4.78e-06,641673
1571252400,1571255999,4.78e-06,4.84e-06,4.77e-06,4.84e-06,11852461
1571256000,1571259599,4.84e-06,4.84e-06,4.83e-06,4.84e-06,1347685
1571259600,1571263199,4.84e-06,4.84e-06,4.83e-06,4.84e-06,1366354
1571263200,1571266799,4.84e-06,4.86e-06,4.84e-06,4.85e-06,3512702
1571266800,1571270399,4.85e-06,4.86e-06,4.85e-06,4.86e-06,5199910
1571270400,1571273999,4.86e-06,4.86e-06,4.85e-06,4.86e-06,5722113
1571274000,1571277599,4.86e-06,4.86e-06,4.85e-06,4.85e-06,5278689
1571277600,1571281199,4.85e-06,4.86e-06,4.85e-06,4.86e-06,929029
1571281200,1571284799,4.86e-06,4.86e-06,4.85e-06,4.85e-06,268115
1571284800,1571288399,4.85e-06,4.86e-06,4.85e-06,4.85e-06,2773724
1571288400,1571291999,4.85e-06,4.86e-06,4.85e-06,4.86e-06,1126201
1571292000,1571295599,4.86e-06,4.86e-06,4.85e-06,4.85e-06,457707
1571295600,1571299199,4.85e-06,4.86e-06,4.85e-06,4.86e-06,727212
1571299200,1571302799,4.86e-06,4.91e-06,4.85e-06,4.91e-06,20096010
1571302800,1571306399,4.91e-06,4.93e-06,4.91e-06,4.92e-06,12562219
1571306400,1571309999,4.92e-06,4.93e-06,4.88e-06,4.89e-06,12154903
1571310000,1571313599,4.89e-06,4.91e-06,4.87e-06,4.87e-06,11812749
1571313600,1571317199,4.87e-06,4.91e-06,4.87e-06,4.88e-06,9185608
1571317200,1571320799,4.88e-06,4.9e-06,4.87e-06,4.89e-06,4571095
1571320800,1571324399,4.89e-06,4.9e-06,4.85e-06,4.88e-06,8384987
1571324400,1571327999,4.88e-06,4.92e-06,4.87e-06,4.9e-06,7113161
1571328000,1571331599,4.9e-06,4.91e-06,4.89e-06,4.89e-06,1509505
1571331600,1571335199,4.89e-06,4.9e-06,4.87e-06,4.87e-06,1842061
1571335200,1571338799,4.87e-06,4.88e-06,4.86e-06,4.86e-06,3682786
1571338800,1571342399,4.86e-06,4.89e-06,4.87e-06,4.89e-06,649094
1571342400,1571345999,4.89e-06,4.89e-06,4.88e-06,4.88e-06,360406
1571346000,1571349599,4.88e-06,4.89e-06,4.87e-06,4.88e-06,1703809
1571349600,1571353199,4.88e-06,4.89e-06,4.88e-06,4.88e-06,679600
1571353200,1571356799,4.88e-06,4.91e-06,4.88e-06,4.9e-06,1909947
1571356800,1571360399,4.9e-06,4.91e-06,4.89e-06,4.9e-06,739575
1571360400,1571363999,4.9e-06,4.9e-06,4.88e-06,4.9e-06,205177
1571364000,1571367599,4.9e-06,4.91e-06,4.87e-06,4.87e-06,2353399
1571367600,1571371199,4.87e-06,4.87e-06,4.86e-06,4.87e-06,925396
1571371200,1571374799,4.87e-06,4.87e-06,4.86e-06,4.86e-06,330305
1571374800,1571378399,4.86e-06,4.87e-06,4.85e-06,4.85e-06,2802873
1571378400,1571381999,4.85e-06,4.86e-06,4.81e-06,4.84e-06,24756862
1571382000,1571385599,4.84e-06,4.85e-06,4.83e-06,4.84e-06,4619648
1571385600,1571389199,4.84e-06,4.85e-06,4.77e-06,4.78e-06,9962695
1571389200,1571392799,4.78e-06,4.82e-06,4.78e-06,4.82e-06,5238469
1571392800,1571396399,4.82e-06,4.82e-06,4.79e-06,4.79e-06,2430646
1571396400,1571399999,4.79e-06,4.79e-06,4.78e-06,4.79e-06,8288934
1571400000,1571403599,4.79e-06,4.79e-06,4.78e-06,4.78e-06,6740405
1571403600,1571407199,4.78e-06,4.79e-06,4.78e-06,4.79e-06,524561
1571407200,1571410799,4.79e-06,4.79e-06,4.75e-06,4.75e-06,6026399
1571410800,1571414399,4.75e-06,4.75e-06,4.73e-06,4.73e-06,7655895
1571414400,1571417999,4.73e-06,4.74e-06,4.73e-06,4.74e-06,2071529
1571418000,1571421599,4.74e-06,4.74e-06,4.73e-06,4.74e-06,1283253
1571421600,1571425199,4.74e-06,4.74e-06,4.73e-06,4.74e-06,13171494
1571425200,1571428799,4.74e-06,4.82e-06,4.73e-06,4.82e-06,16575284
1571428800,1571432399,4.82e-06,4.82e-06,4.76e-06,4.79e-06,12226912
1571432400,1571435999,4.79e-06,4.79e-06,4.76e-06,4.77e-06,1353082
1571436000,1571439599,4.77e-06,4.81e-06,4.77e-06,4.79e-06,3698986
1571439600,1571443199,4.79e-06,4.81e-06,4.79e-06,4.81e-06,3561832
1571443200,1571446799,4.81e-06,4.82e-06,4.81e-06,4.81e-06,8701043
1571446800,1571450399,4.81e-06,4.82e-06,4.81e-06,4.82e-06,953217
1571450400,1571453999,4.82e-06,4.82e-06,4.79e-06,4.79e-06,9559469
1571454000,1571457599,4.79e-06,4.81e-06,4.79e-06,4.81e-06,1019249
1571457600,1571461199,4.81e-06,4.81e-06,4.8e-06,4.81e-06,327451
1571461200,1571464799,4.81e-06,4.81e-06,4.8e-06,4.8e-06,642959
1571464800,1571468399,4.8e-06,4.83e-06,4.8e-06,4.83e-06,2036826
1571468400,1571471999,4.83e-06,4.83e-06,4.81e-06,4.81e-06,2588520
1571472000,1571475599,4.81e-06,4.85e-06,4.8e-06,4.82e-06,5391038
1571475600,1571479199,4.82e-06,4.82e-06,4.81e-06,4.82e-06,1954530
1571479200,1571482799,4.82e-06,4.83e-06,4.81e-06,4.83e-06,465753
1571482800,1571486399,4.83e-06,4.89e-06,4.82e-06,4.89e-06,13854090
1571486400,1571489999,4.89e-06,4.9e-06,4.85e-06,4.85e-06,21889961
1571490000,1571493599,4.85e-06,4.86e-06,4.85e-06,4.86e-06,2440331
1571493600,1571497199,4.86e-06,4.94e-06,4.85e-06,4.94e-06,17736726
1571497200,1571500799,4.94e-06,4.99e-06,4.93e-06,4.95e-06,36495601
1571500800,1571504399,4.95e-06,4.96e-06,4.91e-06,4.91e-06,5367582
1571504400,1571507999,4.91e-06,4.95e-06,4.91e-06,4.95e-06,4939720
1571508000,1571511599,4.95e-06,4.98e-06,4.94e-06,4.95e-06,9819726
1571511600,1571515199,4.95e-06,4.96e-06,4.93e-06,4.93e-06,1036361
1571515200,1571518799,4.93e-06,4.99e-06,4.93e-06,4.95e-06,8302587
1571518800,1571522399,4.95e-06,4.96e-06,4.95e-06,4.96e-06,593413
1571522400,1571525999,4.96e-06,4.96e-06,4.95e-06,4.96e-06,1130901
1571526000,1571529599,4.96e-06,4.97e-06,4.95e-06,4.96e-06,1715937
1571529600,1571533199,4.96e-06,4.97e-06,4.95e-06,4.95e-06,1935706
1571533200,1571536799,4.95e-06,4.96e-06,4.89e-06,4.9e-06,9915609
1571536800,1571540399,4.9e-06,4.95e-06,4.9e-06,4.91e-06,9699565
1571540400,1571543999,4.91e-06,4.91e-06,4.9e-06,4.91e-06,244052
1571544000,1571547599,4.91e-06,4.91e-06,4.88e-06,4.88e-06,4884722
1571547600,1571551199,4.88e-06,4.89e-06,4.88e-06,4.88e-06,89094
1571551200,1571554799,4.88e-06,4.89e-06,4.88e-06,4.88e-06,551932
1571554800,1571558399,4.88e-06,4.89e-06,4.88e-06,4.88e-06,282898
1571558400,1571561999,4.88e-06,4.89e-06,4.83e-06,4.83e-06,9598121
1571562000,1571565599,4.83e-06,4.88e-06,4.83e-06,4.88e-06,14460520
1571565600,1571569199,4.88e-06,4.88e-06,4.83e-06,4.84e-06,4803649
1571569200,1571572799,4.84e-06,4.86e-06,4.83e-06,4.86e-06,4998797
1571572800,1571576399,4.86e-06,4.89e-06,4.85e-06,4.88e-06,10298100
1571576400,1571579999,4.88e-06,4.89e-06,4.88e-06,4.89e-06,3079801
1571580000,1571583599,4.89e-06,4.92e-06,4.89e-06,4.91e-06,4158385
1571583600,1571587199,4.91e-06,4.94e-06,4.9e-06,4.9e-06,9528737
1571587200,1571590799,4.9e-06,4.92e-06,4.88e-06,4.89e-06,7639343
1571590800,1571594399,4.89e-06,4.89e-06,4.84e-06,4.84e-06,10507954
1571594400,1571597999,4.84e-06,4.85e-06,4.84e-06,4.85e-06,1400978
1571598000,1571601599,4.85e-06,4.85e-06,4.79e-06,4.82e-06,26501195
1571601600,1571605199,4.82e-06,4.82e-06,4.8e-06,4.8e-06,6483125
1571605200,1571608799,4.8e-06,4.83e-06,4.79e-06,4.8e-06,9211221
1571608800,1571612399,4.8e-06,4.83e-06,4.8e-06,4.83e-06,847756
1571612400,1571615999,4.83e-06,4.84e-06,4.82e-06,4.83e-06,3540595
1571616000,1571619599,4.83e-06,4.83e-06,4.8e-06,4.81e-06,887772
1571619600,1571623199,4.81e-06,4.81e-06,4.79e-06,4.8e-06,911554
1571623200,1571626799,4.8e-06,4.79e-06,4.74e-06,4.76e-06,18423004
1571626800,1571630399,4.76e-06,4.76e-06,4.75e-06,4.76e-06,1481059
1571630400,1571633999,4.76e-06,4.75e-06,4.68e-06,4.69e-06,17465043
1571634000,1571637599,4.69e-06,4.69e-06,4.68e-06,4.68e-06,4714486
1571637600,1571641199,4.68e-06,4.69e-06,4.68e-06,4.69e-06,6520723
1571641200,1571644799,4.69e-06,4.69e-06,4.68e-06,4.69e-06,891306
1571644800,1571648399,4.69e-06,4.69e-06,4.68e-06,4.69e-06,8827714
1571648400,1571651999,4.69e-06,4.74e-06,4.68e-06,4.74e-06,9940744
1571652000,1571655599,4.74e-06,4.76e-06,4.73e-06,4.76e-06,8492976
1571655600,1571659199,4.76e-06,4.78e-06,4.75e-06,4.78e-06,4831896
1571659200,1571662799,4.78e-06,4.78e-06,4.75e-06,4.78e-06,12162067
1571662800,1571666399,4.78e-06,4.78e-06,4.77e-06,4.77e-06,1189516
1571666400,1571669999,4.77e-06,4.78e-06,4.77e-06,4.78e-06,867346
1571670000,1571673599,4.78e-06,4.78e-06,4.77e-06,4.77e-06,9723782
1571673600,1571677199,4.77e-06,4.79e-06,4.77e-06,4.79e-06,1714272
1571677200,1571680799,4.79e-06,4.79e-06,4.78e-06,4.78e-06,1206173
1571680800,1571684399,4.78e-06,4.79e-06,4.78e-06,4.78e-06,606860
1571684400,1571687999,4.78e-06,4.79e-06,4.78e-06,4.79e-06,331717
1571688000,1571691599,4.79e-06,4.8e-06,4.78e-06,4.8e-06,4767816
1571691600,1571695199,4.8e-06,4.82e-06,4.8e-06,4.82e-06,4998492
1571695200,1571698799,4.82e-06,4.82e-06,4.81e-06,4.82e-06,590998
1571698800,1571702399,4.82e-06,4.82e-06,4.81e-06,4.81e-06,844296
1571702400,1571705999,4.81e-06,4.95e-06,4.81e-06,4.89e-06,83248404
1571706000,1571709599,4.89e-06,4.92e-06,4.88e-06,4.92e-06,10752248
1571709600,1571713199,4.92e-06,4.92e-06,4.9e-06,4.91e-06,4363601
1571713200,1571716799,4.91e-06,4.92e-06,4.9e-06,4.9e-06,6037352
1571716800,1571720399,4.9e-06,4.91e-06,4.87e-06,4.87e-06,4470269
1571720400,1571723999,4.87e-06,4.88e-06,4.87e-06,4.87e-06,1135360
1571724000,1571727599,4.87e-06,4.88e-06,4.86e-06,4.87e-06,1421387
1571727600,1571731199,4.87e-06,4.87e-06,4.86e-06,4.86e-06,268619
1571731200,1571734799,4.86e-06,4.87e-06,4.83e-06,4.83e-06,7417230
1571734800,1571738399,4.83e-06,4.86e-06,4.83e-06,4.85e-06,4141879
1571738400,1571741999,4.85e-06,4.86e-06,4.85e-06,4.85e-06,403468
1571742000,1571745599,4.85e-06,4.86e-06,4.85e-06,4.86e-06,928615
1571745600,1571749199,4.86e-06,4.86e-06,4.85e-06,4.86e-06,3813310
1571749200,1571752799,4.86e-06,4.86e-06,4.85e-06,4.86e-06,606601
1571752800,1571756399,4.86e-06,4.86e-06,4.84e-06,4.85e-06,2018324
1571756400,1571759999,4.85e-06,4.86e-06,4.84e-06,4.86e-06,2794496
1571760000,1571763599,4.86e-06,4.91e-06,4.85e-06,4.88e-06,15062854
1571763600,1571767199,4.88e-06,4.89e-06,4.87e-06,4.88e-06,957812
1571767200,1571770799,4.88e-06,4.87e-06,4.78e-06,4.85e-06,37043513
1571770800,1571774399,4.85e-06,4.84e-06,4.81e-06,4.83e-06,2310664
1571774400,1571777999,4.83e-06,4.85e-06,4.82e-06,4.85e-06,1856708
1571778000,1571781599,4.85e-06,4.86e-06,4.84e-06,4.86e-06,276791
1571781600,1571785199,4.86e-06,4.87e-06,4.83e-06,4.83e-06,2153404
1571785200,1571788799,4.83e-06,4.85e-06,4.82e-06,4.83e-06,2603928
1571788800,1571792399,4.83e-06,4.85e-06,4.82e-06,4.85e-06,541579
1571792400,1571795999,4.85e-06,4.84e-06,4.84e-06,4.84e-06,43816
1571796000,1571799599,4.84e-06,4.84e-06,4.83e-06,4.83e-06,66000
1571799600,1571803199,4.83e-06,4.83e-06,4.76e-06,4.78e-06,6720484
1571803200,1571806799,4.78e-06,4.78e-06,4.75e-06,4.76e-06,4589912
1571806800,1571810399,4.76e-06,4.79e-06,4.75e-06,4.79e-06,2450631
1571810400,1571813999,4.79e-06,4.78e-06,4.76e-06,4.77e-06,3064148
1571814000,1571817599,4.77e-06,4.78e-06,4.76e-06,4.78e-06,656608
1571817600,1571821199,4.78e-06,4.79e-06,4.77e-06,4.79e-06,2936004
1571821200,1571824799,4.79e-06,4.8e-06,4.79e-06,4.8e-06,2109230
1571824800,1571828399,4.8e-06,4.82e-06,4.79e-06,4.82e-06,6305758
1571828400,1571831999,4.82e-06,4.82e-06,4.8e-06,4.81e-06,5157749
1571832000,1571835599,4.81e-06,4.84e-06,4.78e-06,4.84e-06,17369037
1571835600,1571839199,4.84e-06,4.88e-06,4.83e-06,4.87e-06,23454646
1571839200,1571842799,4.87e-06,4.91e-06,4.87e-06,4.87e-06,17797927
1571842800,1571846399,4.87e-06,4.88e-06,4.87e-06,4.88e-06,1977159
1571846400,1571849999,4.88e-06,4.88e-06,4.81e-06,4.88e-06,13775576
1571850000,1571853599,4.88e-06,4.9e-06,4.85e-06,4.86e-06,9439051
1571853600,1571857199,4.86e-06,4.89e-06,4.85e-06,4.88e-06,4937974
1571857200,1571860799,4.88e-06,4.89e-06,4.88e-06,4.88e-06,579808
1571860800,1571864399,4.88e-06,4.89e-06,4.88e-06,4.88e-06,1816546
1571864400,1571867999,4.88e-06,4.89e-06,4.87e-06,4.87e-06,928896
1571868000,1571871599,4.87e-06,4.89e-06,4.87e-06,4.88e-06,1483782
1571871600,1571875199,4.88e-06,4.91e-06,4.89e-06,4.9e-06,4348817
1571875200,1571878799,4.9e-06,4.98e-06,4.91e-06,4.95e-06,13056503
1571878800,1571882399,4.95e-06,4.96e-06,4.91e-06,4.91e-06,2733563
1571882400,1571885999,4.91e-06,4.92e-06,4.91e-06,4.92e-06,1707218
1571886000,1571889599,4.92e-06,4.93e-06,4.91e-06,4.92e-06,5070908
1571889600,1571893199,4.92e-06,4.92e-06,4.91e-06,4.92e-06,1751014
1571893200,1571896799,4.92e-06,4.96e-06,4.91e-06,4.95e-06,4878403
1571896800,1571900399,4.95e-06,4.95e-06,4.91e-06,4.91e-06,5649954
1571900400,1571903999,4.91e-06,4.97e-06,4.91e-06,4.97e-06,4617536
1571904000,1571907599,4.97e-06,5.08e-06,4.96e-06,5.05e-06,22914578
1571907600,1571911199,5.05e-06,5.05e-06,5.01e-06,5.02e-06,7748226
1571911200,1571914799,5.02e-06,5.04e-06,5.01e-06,5.01e-06,2786239
1571914800,1571918399,5.01e-06,5.06e-06,5.02e-06,5.05e-06,2247455
1571918400,1571921999,5.05e-06,5.08e-06,5.05e-06,5.05e-06,9272102
1571922000,1571925599,5.05e-06,5.09e-06,5.04e-06,5.07e-06,8328427
1571925600,1571929199,5.07e-06,5.09e-06,5.06e-06,5.09e-06,6932451
1571929200,1571932799,5.09e-06,5.1e-06,5.07e-06,5.08e-06,6232279
1571932800,1571936399,5.08e-06,5.09e-06,5.07e-06,5.08e-06,1296794
1571936400,1571939999,5.08e-06,5.09e-06,5.07e-06,5.09e-06,2391844
1571940000,1571943599,5.09e-06,5.1e-06,5.08e-06,5.08e-06,2592477
1571943600,1571947199,5.08e-06,5.09e-06,5.05e-06,5.06e-06,3841972
1571947200,1571950799,5.06e-06,5.07e-06,5.03e-06,5.03e-06,2731464
1571950800,1571954399,5.03e-06,5.05e-06,5.03e-06,5.04e-06,3007863
1571954400,1571957999,5.04e-06,5.08e-06,5.04e-06,5.08e-06,1989697
1571958000,1571961599,5.08e-06,5.09e-06,5.04e-06,5.04e-06,8018518
1571961600,1571965199,5.04e-06,5.08e-06,5.05e-06,5.06e-06,4509147
1571965200,1571968799,5.06e-06,5.07e-06,5.06e-06,5.07e-06,337152
1571968800,1571972399,5.07e-06,5.09e-06,5.06e-06,5.09e-06,573651
1571972400,1571975999,5.09e-06,5.1e-06,5.08e-06,5.1e-06,13315211
1571976000,1571979599,5.1e-06,5.1e-06,5.07e-06,5.07e-06,1583101
1571979600,1571983199,5.07e-06,5.07e-06,5.04e-06,5.06e-06,5848756
1571983200,1571986799,5.06e-06,5.08e-06,5.06e-06,5.07e-06,2156477
1571986800,1571990399,5.07e-06,5.09e-06,5.07e-06,5.08e-06,1780985
1571990400,1571993999,5.08e-06,5.1e-06,5.08e-06,5.1e-06,3962713
1571994000,1571997599,5.1e-06,5.1e-06,5.08e-06,5.09e-06,5535211
1571997600,1572001199,5.09e-06,5.09e-06,5.05e-06,5.06e-06,2808183
1572001200,1572004799,5.06e-06,5.06e-06,5.04e-06,5.05e-06,6992428
1572004800,1572008399,5.05e-06,5.05e-06,5.03e-06,5.05e-06,5550884
1572008400,1572011999,5.05e-06,5.05e-06,5.02e-06,5.03e-06,3942120
1572012000,1572015599,5.03e-06,5.05e-06,5.01e-06,5.04e-06,2989439
1572015600,1572019199,5.04e-06,5.05e-06,4.91e-06,4.92e-06,37349753
1572019200,1572022799,4.92e-06,4.93e-06,4.86e-06,4.9e-06,18421480
1572022800,1572026399,4.9e-06,4.91e-06,4.83e-06,4.86e-06,18853894
1572026400,1572029999,4.86e-06,4.89e-06,4.82e-06,4.83e-06,9263944
1572030000,1572033599,4.83e-06,4.87e-06,4.81e-06,4.85e-06,7504157
1572033600,1572037199,4.85e-06,4.91e-06,4.84e-06,4.91e-06,8313632
1572037200,1572040799,4.91e-06,4.92e-06,4.84e-06,4.84e-06,11509432
1572040800,1572044399,4.84e-06,4.85e-06,4.83e-06,4.83e-06,3151144
1572044400,1572047999,4.83e-06,4.83e-06,4.79e-06,4.79e-06,3268431
1572048000,1572051599,4.79e-06,4.8e-06,4.59e-06,4.64e-06,51138602
1572051600,1572055199,4.64e-06,4.64e-06,4.02e-06,4.27e-06,138806561
1572055200,1572058799,4.27e-06,4.43e-06,4.23e-06,4.34e-06,28542902
1572058800,1572062399,4.34e-06,4.39e-06,4.33e-06,4.37e-06,5052820
1572062400,1572065999,4.37e-06,4.42e-06,4.36e-06,4.4e-06,7649712
1572066000,1572069599,4.4e-06,4.4e-06,4.33e-06,4.38e-06,5083138
1572069600,1572073199,4.38e-06,4.39e-06,4.37e-06,4.39e-06,2485081
1572073200,1572076799,4.39e-06,4.42e-06,4.37e-06,4.38e-06,5565263
1572076800,1572080399,4.38e-06,4.42e-06,4.37e-06,4.38e-06,11661034
1572080400,1572083999,4.38e-06,4.47e-06,4.38e-06,4.41e-06,13035302
1572084000,1572087599,4.41e-06,4.45e-06,4.41e-06,4.45e-06,4591788
1572087600,1572091199,4.45e-06,4.48e-06,4.42e-06,4.47e-06,8552636
1572091200,1572094799,4.47e-06,4.46e-06,4.35e-06,4.4e-06,32615946
1572094800,1572098399,4.4e-06,4.46e-06,4.4e-06,4.44e-06,6695028
1572098400,1572101999,4.44e-06,4.47e-06,4.42e-06,4.42e-06,3652162
1572102000,1572105599,4.42e-06,4.45e-06,4.43e-06,4.44e-06,2367121
1572105600,1572109199,4.44e-06,4.46e-06,4.43e-06,4.43e-06,2735745
1572109200,1572112799,4.43e-06,4.46e-06,4.42e-06,4.43e-06,7077958
1572112800,1572116399,4.43e-06,4.44e-06,4.37e-06,4.42e-06,17631476
1572116400,1572119999,4.42e-06,4.42e-06,4.39e-06,4.42e-06,3492407
1572120000,1572123599,4.42e-06,4.44e-06,4.41e-06,4.41e-06,1879363
1572123600,1572127199,4.41e-06,4.42e-06,4.38e-06,4.38e-06,2157883
1572127200,1572130799,4.38e-06,4.39e-06,4.35e-06,4.39e-06,4467902
1572130800,1572134399,4.39e-06,4.42e-06,4.38e-06,4.4e-06,3643252
1572134400,1572137999,4.4e-06,4.39e-06,4.33e-06,4.38e-06,3290475
1572138000,1572141599,4.38e-06,4.38e-06,4.35e-06,4.36e-06,1378774
1572141600,1572145199,4.36e-06,4.37e-06,4.36e-06,4.36e-06,74841
1572145200,1572148799,4.36e-06,4.36e-06,4.35e-06,4.36e-06,1018482
1572148800,1572152399,4.36e-06,4.43e-06,4.35e-06,4.43e-06,11278201
1572152400,1572155999,4.43e-06,4.47e-06,4.42e-06,4.42e-06,4308349
1572156000,1572159599,4.42e-06,4.43e-06,4.4e-06,4.43e-06,5354124
1572159600,1572163199,4.43e-06,4.43e-06,4.42e-06,4.42e-06,1578477
1572163200,1572166799,4.42e-06,4.42e-06,4.38e-06,4.38e-06,3954358
1572166800,1572170399,4.38e-06,4.39e-06,4.36e-06,4.39e-06,8222828
1572170400,1572173999,4.39e-06,4.41e-06,4.38e-06,4.4e-06,4825489
1572174000,1572177599,4.4e-06,4.4e-06,4.24e-06,4.36e-06,28664753
1572177600,1572181199,4.36e-06,4.37e-06,4.32e-06,4.36e-06,1847708
1572181200,1572184799,4.36e-06,4.36e-06,4.33e-06,4.36e-06,3384578
1572184800,1572188399,4.36e-06,4.53e-06,4.35e-06,4.5e-06,21690102
1572188400,1572191999,4.5e-06,4.5e-06,4.44e-06,4.49e-06,9707212
1572192000,1572195599,4.49e-06,4.54e-06,4.42e-06,4.45e-06,19460249
1572195600,1572199199,4.45e-06,4.46e-06,4.37e-06,4.45e-06,8442378
1572199200,1572202799,4.45e-06,4.48e-06,4.41e-06,4.48e-06,4042958
1572202800,1572206399,4.48e-06,4.48e-06,4.39e-06,4.39e-06,2500556
1572206400,1572209999,4.39e-06,4.45e-06,4.38e-06,4.45e-06,7108090
1572210000,1572213599,4.45e-06,4.46e-06,4.4e-06,4.41e-06,1876658
1572213600,1572217199,4.41e-06,4.46e-06,4.4e-06,4.46e-06,3097241
1572217200,1572220799,4.46e-06,4.48e-06,4.45e-06,4.45e-06,5115904
1572220800,1572224399,4.45e-06,4.59e-06,4.45e-06,4.58e-06,18432343
1572224400,1572227999,4.58e-06,4.6e-06,4.47e-06,4.53e-06,14042936
1572228000,1572231599,4.53e-06,4.56e-06,4.51e-06,4.56e-06,2555755
1572231600,1572235199,4.56e-06,4.57e-06,4.51e-06,4.53e-06,2496803
1572235200,1572238799,4.53e-06,4.54e-06,4.48e-06,4.53e-06,5624572
1572238800,1572242399,4.53e-06,4.52e-06,4.49e-06,4.51e-06,1673769
1572242400,1572245999,4.51e-06,4.53e-06,4.49e-06,4.52e-06,3873652
1572246000,1572249599,4.52e-06,4.54e-06,4.52e-06,4.52e-06,2765775
1572249600,1572253199,4.52e-06,4.56e-06,4.52e-06,4.53e-06,7251064
1572253200,1572256799,4.53e-06,4.55e-06,4.53e-06,4.55e-06,1664397
1572256800,1572260399,4.55e-06,4.57e-06,4.53e-06,4.57e-06,3705105
1572260400,1572263999,4.57e-06,4.6e-06,4.57e-06,4.6e-06,5582100
1572264000,1572267599,4.6e-06,4.62e-06,4.55e-06,4.56e-06,9279761
1572267600,1572271199,4.56e-06,4.58e-06,4.51e-06,4.54e-06,4841402
1572271200,1572274799,4.54e-06,4.54e-06,4.52e-06,4.52e-06,1578418
1572274800,1572278399,4.52e-06,4.56e-06,4.5e-06,4.56e-06,3782093
1572278400,1572281999,4.56e-06,4.57e-06,4.54e-06,4.56e-06,2135568
1572282000,1572285599,4.56e-06,4.56e-06,4.54e-06,4.54e-06,1119480
1572285600,1572289199,4.54e-06,4.62e-06,4.54e-06,4.59e-06,4208278
1572289200,1572292799,4.59e-06,4.65e-06,4.58e-06,4.62e-06,4614803
1572292800,1572296399,4.62e-06,4.63e-06,4.55e-06,4.55e-06,3452910
1572296400,1572299999,4.55e-06,4.59e-06,4.55e-06,4.59e-06,2488844
1572300000,1572303599,4.59e-06,4.6e-06,4.58e-06,4.58e-06,3806531
1572303600,1572307199,4.58e-06,4.64e-06,4.58e-06,4.6e-06,3342471
1572307200,1572310799,4.6e-06,4.6e-06,4.59e-06,4.6e-06,2025007
1572310800,1572314399,4.6e-06,4.64e-06,4.6e-06,4.64e-06,2508165
1572314400,1572317999,4.64e-06,4.64e-06,4.61e-06,4.61e-06,1738435
1572318000,1572321599,4.61e-06,4.62e-06,4.61e-06,4.61e-06,733828
1572321600,1572325199,4.61e-06,4.61e-06,4.58e-06,4.59e-06,6727309
1572325200,1572328799,4.59e-06,4.58e-06,4.5e-06,4.54e-06,11987577
1572328800,1572332399,4.54e-06,4.56e-06,4.53e-06,4.53e-06,3635199
1572332400,1572335999,4.53e-06,4.56e-06,4.51e-06,4.56e-06,3566967
1572336000,1572339599,4.56e-06,4.55e-06,4.53e-06,4.54e-06,4124425
1572339600,1572343199,4.54e-06,4.55e-06,4.54e-06,4.54e-06,1776822
1572343200,1572346799,4.54e-06,4.56e-06,4.55e-06,4.55e-06,2078679
1572346800,1572350399,4.55e-06,4.6e-06,4.55e-06,4.6e-06,10356371
1572350400,1572353999,4.6e-06,4.64e-06,4.6e-06,4.62e-06,4773719
1572354000,1572357599,4.62e-06,4.62e-06,4.57e-06,4.6e-06,4440079
1572357600,1572361199,4.6e-06,4.61e-06,4.58e-06,4.61e-06,714950
1572361200,1572364799,4.61e-06,4.65e-06,4.6e-06,4.65e-06,6030804
1572364800,1572368399,4.65e-06,4.68e-06,4.64e-06,4.64e-06,8699747
1572368400,1572371999,4.64e-06,4.65e-06,4.62e-06,4.63e-06,722706
1572372000,1572375599,4.63e-06,4.64e-06,4.6e-06,4.6e-06,4627695
1572375600,1572379199,4.6e-06,4.64e-06,4.6e-06,4.64e-06,3432401
1572379200,1572382799,4.64e-06,4.63e-06,4.58e-06,4.6e-06,2831969
1572382800,1572386399,4.6e-06,4.62e-06,4.59e-06,4.61e-06,931324
1572386400,1572389999,4.61e-06,4.62e-06,4.6e-06,4.61e-06,978106
1572390000,1572393599,4.61e-06,4.64e-06,4.61e-06,4.64e-06,1617736
1572393600,1572397199,4.64e-06,4.74e-06,4.64e-06,4.7e-06,15547960
1572397200,1572400799,4.7e-06,4.75e-06,4.7e-06,4.74e-06,6784646
1572400800,1572404399,4.74e-06,4.75e-06,4.7e-06,4.7e-06,6865585
1572404400,1572407999,4.7e-06,4.71e-06,4.67e-06,4.69e-06,8643496
1572408000,1572411599,4.69e-06,4.69e-06,4.66e-06,4.66e-06,1734213
1572411600,1572415199,4.66e-06,4.66e-06,4.63e-06,4.65e-06,3562010
1572415200,1572418799,4.65e-06,4.65e-06,4.64e-06,4.65e-06,579945
1572418800,1572422399,4.65e-06,4.66e-06,4.64e-06,4.66e-06,1732851
1572422400,1572425999,4.66e-06,4.67e-06,4.66e-06,4.66e-06,1456969
1572426000,1572429599,4.66e-06,4.66e-06,4.65e-06,4.66e-06,390387
1572429600,1572433199,4.66e-06,4.66e-06,4.59e-06,4.6e-06,8283533
1572433200,1572436799,4.6e-06,4.6e-06,4.53e-06,4.56e-06,7343019
1572436800,1572440399,4.56e-06,4.6e-06,4.56e-06,4.57e-06,4511472
1572440400,1572443999,4.57e-06,4.59e-06,4.57e-06,4.57e-06,2390163
1572444000,1572447599,4.57e-06,4.58e-06,4.55e-06,4.58e-06,5801193
1572447600,1572451199,4.58e-06,4.58e-06,4.56e-06,4.57e-06,1370349
1572451200,1572454799,4.57e-06,4.58e-06,4.55e-06,4.55e-06,1617071
1572454800,1572458399,4.55e-06,4.57e-06,4.55e-06,4.57e-06,1099136
1572458400,1572461999,4.57e-06,4.59e-06,4.57e-06,4.57e-06,3854559
1572462000,1572465599,4.57e-06,4.57e-06,4.55e-06,4.55e-06,666883
1572465600,1572469199,4.55e-06,4.56e-06,4.53e-06,4.56e-06,4760488
1572469200,1572472799,4.56e-06,4.56e-06,4.54e-06,4.54e-06,440425
1572472800,1572476399,4.54e-06,4.56e-06,4.54e-06,4.55e-06,99523
1572476400,1572479999,4.55e-06,4.55e-06,4.54e-06,4.55e-06,687952
1572480000,1572483599,4.55e-06,4.59e-06,4.55e-06,4.59e-06,2771728
1572483600,1572487199,4.59e-06,4.59e-06,4.56e-06,4.56e-06,4261795
1572487200,1572490799,4.56e-06,4.57e-06,4.55e-06,4.57e-06,386048
1572490800,1572494399,4.57e-06,4.56e-06,4.56e-06,4.56e-06,118005
1572494400,1572497999,4.56e-06,4.57e-06,4.55e-06,4.55e-06,265585
1572498000,1572501599,4.55e-06,4.57e-06,4.54e-06,4.54e-06,3159938
1572501600,1572505199,4.54e-06,4.57e-06,4.54e-06,4.57e-06,205595
1572505200,1572508799,4.57e-06,4.57e-06,4.55e-06,4.56e-06,596480
1572508800,1572512399,4.56e-06,4.57e-06,4.55e-06,4.57e-06,285625
1572512400,1572515999,4.57e-06,4.57e-06,4.46e-06,4.49e-06,10686134
1572516000,1572519599,4.49e-06,4.52e-06,4.49e-06,4.51e-06,2504138
1572519600,1572523199,4.51e-06,4.52e-06,4.48e-06,4.51e-06,3884274
1572523200,1572526799,4.51e-06,4.5e-06,4.44e-06,4.47e-06,14162210
1572526800,1572530399,4.47e-06,4.48e-06,4.46e-06,4.48e-06,2343184
1572530400,1572533999,4.48e-06,4.5e-06,4.47e-06,4.48e-06,6337571
1572534000,1572537599,4.48e-06,4.48e-06,4.43e-06,4.43e-06,7700349
1572537600,1572541199,4.43e-06,4.47e-06,4.43e-06,4.47e-06,974877
1572541200,1572544799,4.47e-06,4.52e-06,4.47e-06,4.5e-06,3204201
1572544800,1572548399,4.5e-06,4.51e-06,4.47e-06,4.49e-06,1913786
1572548400,1572551999,4.49e-06,4.49e-06,4.48e-06,4.48e-06,103402
1572552000,1572555599,4.48e-06,4.49e-06,4.48e-06,4.48e-06,214895
1572555600,1572559199,4.48e-06,4.52e-06,4.49e-06,4.52e-06,5061550
1572559200,1572562799,4.52e-06,4.53e-06,4.5e-06,4.5e-06,1638260
1572562800,1572566399,4.5e-06,4.52e-06,4.5e-06,4.52e-06,719655
1572566400,1572569999,4.52e-06,4.53e-06,4.52e-06,4.53e-06,1080207
1572570000,1572573599,4.53e-06,4.54e-06,4.53e-06,4.54e-06,1142586
1572573600,1572577199,4.54e-06,4.59e-06,4.53e-06,4.58e-06,3635532
1572577200,1572580799,4.58e-06,4.71e-06,4.57e-06,4.63e-06,15540666
1572580800,1572584399,4.63e-06,4.66e-06,4.61e-06,4.63e-06,3690530
1572584400,1572587999,4.63e-06,4.64e-06,4.61e-06,4.63e-06,4260646
1572588000,1572591599,4.63e-06,4.65e-06,4.61e-06,4.62e-06,3209496
1572591600,1572595199,4.62e-06,4.63e-06,4.6e-06,4.61e-06,1109758
1572595200,1572598799,4.61e-06,4.61e-06,4.58e-06,4.6e-06,3327545
1572598800,1572602399,4.6e-06,4.6e-06,4.57e-06,4.57e-06,1327024
1572602400,1572605999,4.57e-06,4.6e-06,4.57e-06,4.59e-06,1666129
1572606000,1572609599,4.59e-06,4.6e-06,4.53e-06,4.59e-06,3534716
1572609600,1572613199,4.59e-06,4.59e-06,4.56e-06,4.56e-06,1291657
1572613200,1572616799,4.56e-06,4.57e-06,4.55e-06,4.56e-06,1058613
1572616800,1572620399,4.56e-06,4.58e-06,4.55e-06,4.58e-06,1609243
1572620400,1572623999,4.58e-06,4.58e-06,4.57e-06,4.58e-06,581547
1572624000,1572627599,4.58e-06,4.58e-06,4.57e-06,4.57e-06,676373
1572627600,1572631199,4.57e-06,4.58e-06,4.57e-06,4.58e-06,562301
1572631200,1572634799,4.58e-06,4.58e-06,4.57e-06,4.58e-06,677998
1572634800,1572638399,4.58e-06,4.58e-06,4.57e-06,4.58e-06,730683
1572638400,1572641999,4.58e-06,4.59e-06,4.57e-06,4.59e-06,754791
1572642000,1572645599,4.59e-06,4.6e-06,4.57e-06,4.58e-06,1655496
1572645600,1572649199,4.58e-06,4.6e-06,4.57e-06,4.6e-06,1427068
1572649200,1572652799,4.6e-06,4.6e-06,4.59e-06,4.6e-06,102803
1572652800,1572656399,4.6e-06,4.62e-06,4.6e-06,4.61e-06,4023525
1572656400,1572659999,4.61e-06,4.61e-06,4.58e-06,4.58e-06,1565063
1572660000,1572663599,4.58e-06,4.59e-06,4.58e-06,4.59e-06,62094
1572663600,1572667199,4.59e-06,4.59e-06,4.58e-06,4.58e-06,591216
1572667200,1572670799,4.58e-06,4.59e-06,4.58e-06,4.58e-06,823833
1572670800,1572674399,4.58e-06,4.59e-06,4.57e-06,4.58e-06,315493
1572674400,1572677999,4.58e-06,4.59e-06,4.58e-06,4.59e-06,507403
1572678000,1572681599,4.59e-06,4.6e-06,4.58e-06,4.59e-06,339202
1572681600,1572685199,4.59e-06,4.6e-06,4.57e-06,4.59e-06,2594578
1572685200,1572688799,4.59e-06,4.59e-06,4.58e-06,4.59e-06,63307
1572688800,1572692399,4.59e-06,4.6e-06,4.58e-06,4.59e-06,874691
1572692400,1572695999,4.59e-06,4.61e-06,4.58e-06,4.61e-06,544070
1572696000,1572699599,4.61e-06,4.61e-06,4.58e-06,4.59e-06,746970
1572699600,1572703199,4.59e-06,4.58e-06,4.54e-06,4.57e-06,5233016
1572703200,1572706799,4.57e-06,4.57e-06,4.56e-06,4.57e-06,356773
1572706800,1572710399,4.57e-06,4.59e-06,4.56e-06,4.59e-06,1519396
1572710400,1572713999,4.59e-06,4.6e-06,4.58e-06,4.6e-06,1072771
1572714000,1572717599,4.6e-06,4.6e-06,4.57e-06,4.58e-06,830170
1572717600,1572721199,4.58e-06,4.59e-06,4.58e-06,4.58e-06,110791
1572721200,1572724799,4.58e-06,4.58e-06,4.57e-06,4.58e-06,685330
1572724800,1572728399,4.58e-06,4.58e-06,4.57e-06,4.58e-06,221163
1572728400,1572731999,4.58e-06,4.58e-06,4.57e-06,4.58e-06,72546
1572732000,1572735599,4.58e-06,4.59e-06,4.58e-06,4.58e-06,61714
1572735600,1572739199,4.58e-06,4.59e-06,4.58e-06,4.58e-06,732945
1572739200,1572742799,4.58e-06,4.6e-06,4.58e-06,4.6e-06,470226
1572742800,1572746399,4.6e-06,4.6e-06,4.56e-06,4.56e-06,542502
1572746400,1572749999,4.56e-06,4.59e-06,4.56e-06,4.57e-06,282033
1572750000,1572753599,4.57e-06,4.58e-06,4.57e-06,4.57e-06,429656
1572753600,1572757199,4.57e-06,4.58e-06,4.56e-06,4.57e-06,661381
1572757200,1572760799,4.57e-06,4.57e-06,4.56e-06,4.57e-06,222800
1572760800,1572764399,4.57e-06,4.57e-06,4.56e-06,4.56e-06,160266
1572764400,1572767999,4.56e-06,4.57e-06,4.56e-06,4.56e-06,156376
1572768000,1572771599,4.56e-06,4.58e-06,4.56e-06,4.56e-06,617751
1572771600,1572775199,4.56e-06,4.58e-06,4.56e-06,4.57e-06,269779
1572775200,1572778799,4.57e-06,4.58e-06,4.56e-06,4.57e-06,308981
1572778800,1572782399,4.57e-06,4.58e-06,4.56e-06,4.57e-06,325906
1572782400,1572785999,4.57e-06,4.58e-06,4.56e-06,4.58e-06,848839
1572786000,1572789599,4.58e-06,4.58e-06,4.56e-06,4.56e-06,222096
1572789600,1572793199,4.56e-06,4.57e-06,4.56e-06,4.57e-06,694439
1572793200,1572796799,4.57e-06,4.57e-06,4.56e-06,4.57e-06,340980
1572796800,1572800399,4.57e-06,4.59e-06,4.57e-06,4.58e-06,1703281
1572800400,1572803999,4.58e-06,4.58e-06,4.56e-06,4.58e-06,1295884
1572804000,1572807599,4.58e-06,4.58e-06,4.56e-06,4.58e-06,190122
1572807600,1572811199,4.58e-06,4.58e-06,4.56e-06,4.58e-06,122454
1572811200,1572814799,4.58e-06,4.58e-06,4.57e-06,4.58e-06,1883037
1572814800,1572818399,4.58e-06,4.58e-06,4.57e-06,4.58e-06,184649
1572818400,1572821999,4.58e-06,4.6e-06,4.57e-06,4.57e-06,3652062
1572822000,1572825599,4.57e-06,4.58e-06,4.56e-06,4.56e-06,291480
1572825600,1572829199,4.56e-06,4.57e-06,4.56e-06,4.57e-06,190674
1572829200,1572832799,4.57e-06,4.58e-06,4.56e-06,4.58e-06,341468
1572832800,1572836399,4.58e-06,4.58e-06,4.58e-06,4.58e-06,177000
1572836400,1572839999,4.58e-06,4.6e-06,4.58e-06,4.59e-06,520858
1572840000,1572843599,4.59e-06,4.59e-06,4.58e-06,4.58e-06,1306568
1572843600,1572847199,4.58e-06,4.59e-06,4.56e-06,4.56e-06,600447
1572847200,1572850799,4.56e-06,4.58e-06,4.55e-06,4.55e-06,1511562
1572850800,1572854399,4.55e-06,4.57e-06,4.55e-06,4.57e-06,638877
1572854400,1572857999,4.57e-06,4.57e-06,4.56e-06,4.57e-06,366152
1572858000,1572861599,4.57e-06,4.58e-06,4.56e-06,4.58e-06,357117
1572861600,1572865199,4.58e-06,4.62e-06,4.58e-06,4.62e-06,5994927
1572865200,1572868799,4.62e-06,4.64e-06,4.61e-06,4.63e-06,7313892
1572868800,1572872399,4.63e-06,4.64e-06,4.61e-06,4.62e-06,3705948
1572872400,1572875999,4.62e-06,4.63e-06,4.61e-06,4.62e-06,663867
1572876000,1572879599,4.62e-06,4.65e-06,4.62e-06,4.64e-06,4725849
1572879600,1572883199,4.64e-06,4.65e-06,4.62e-06,4.65e-06,3155898
1572883200,1572886799,4.65e-06,4.66e-06,4.64e-06,4.65e-06,2560125
1572886800,1572890399,4.65e-06,4.65e-06,4.63e-06,4.64e-06,1529977
1572890400,1572893999,4.64e-06,4.65e-06,4.63e-06,4.64e-06,2274241
1572894000,1572897599,4.64e-06,4.68e-06,4.63e-06,4.66e-06,4987335
1572897600,1572901199,4.66e-06,4.66e-06,4.54e-06,4.56e-06,12707313
1572901200,1572904799,4.56e-06,4.57e-06,4.55e-06,4.57e-06,2283287
1572904800,1572908399,4.57e-06,4.59e-06,4.57e-06,4.59e-06,1328346
1572908400,1572911999,4.59e-06,4.63e-06,4.58e-06,4.62e-06,2684627
1572912000,1572915599,4.62e-06,4.74e-06,4.62e-06,4.69e-06,8478706
1572915600,1572919199,4.69e-06,4.7e-06,4.68e-06,4.68e-06,2639487
1572919200,1572922799,4.68e-06,4.71e-06,4.68e-06,4.7e-06,2752501
1572922800,1572926399,4.7e-06,4.78e-06,4.69e-06,4.75e-06,7904211
1572926400,1572929999,4.75e-06,4.78e-06,4.74e-06,4.75e-06,3080342
1572930000,1572933599,4.75e-06,4.76e-06,4.71e-06,4.71e-06,2684075
1572933600,1572937199,4.71e-06,4.72e-06,4.69e-06,4.7e-06,708614
1572937200,1572940799,4.7e-06,4.72e-06,4.71e-06,4.71e-06,2673807
1572940800,1572944399,4.71e-06,4.74e-06,4.71e-06,4.72e-06,2387350
1572944400,1572947999,4.72e-06,4.76e-06,4.72e-06,4.73e-06,6440910
1572948000,1572951599,4.73e-06,4.74e-06,4.7e-06,4.73e-06,3638788
1572951600,1572955199,4.73e-06,4.73e-06,4.72e-06,4.73e-06,666040
1572955200,1572958799,4.73e-06,4.77e-06,4.73e-06,4.76e-06,2358658
1572958800,1572962399,4.76e-06,4.78e-06,4.75e-06,4.75e-06,2080054
1572962400,1572965999,4.75e-06,4.77e-06,4.72e-06,4.73e-06,3783237
1572966000,1572969599,4.73e-06,4.76e-06,4.72e-06,4.75e-06,1344186
1572969600,1572973199,4.75e-06,4.77e-06,4.74e-06,4.75e-06,1390053
1572973200,1572976799,4.75e-06,4.76e-06,4.73e-06,4.76e-06,4891959
1572976800,1572980399,4.76e-06,4.77e-06,4.75e-06,4.76e-06,1262777
1572980400,1572983999,4.76e-06,4.77e-06,4.75e-06,4.76e-06,770866
1572984000,1572987599,4.76e-06,4.79e-06,4.72e-06,4.79e-06,9103179
1572987600,1572991199,4.79e-06,4.8e-06,4.77e-06,4.78e-06,3109931
1572991200,1572994799,4.78e-06,4.79e-06,4.76e-06,4.76e-06,908007
1572994800,1572998399,4.76e-06,4.78e-06,4.76e-06,4.77e-06,680646
1572998400,1573001999,4.77e-06,4.78e-06,4.74e-06,4.74e-06,2397729
1573002000,1573005599,4.74e-06,4.75e-06,4.73e-06,4.74e-06,779549
1573005600,1573009199,4.74e-06,4.74e-06,4.72e-06,4.73e-06,640170
1573009200,1573012799,4.73e-06,4.75e-06,4.73e-06,4.75e-06,196703
1573012800,1573016399,4.75e-06,4.75e-06,4.74e-06,4.75e-06,2574904
1573016400,1573019999,4.75e-06,4.84e-06,4.75e-06,4.81e-06,15091240
1573020000,1573023599,4.81e-06,4.85e-06,4.81e-06,4.83e-06,4311075
1573023600,1573027199,4.83e-06,4.84e-06,4.8e-06,4.81e-06,2586481
1573027200,1573030799,4.81e-06,4.84e-06,4.81e-06,4.84e-06,2470289
1573030800,1573034399,4.84e-06,4.93e-06,4.84e-06,4.85e-06,16537033
1573034400,1573037999,4.85e-06,4.87e-06,4.82e-06,4.85e-06,2216793
1573038000,1573041599,4.85e-06,4.86e-06,4.84e-06,4.84e-06,3639986
1573041600,1573045199,4.84e-06,4.87e-06,4.83e-06,4.83e-06,4434772
1573045200,1573048799,4.83e-06,4.85e-06,4.81e-06,4.81e-06,2318602
1573048800,1573052399,4.81e-06,4.82e-06,4.8e-06,4.81e-06,659285
1573052400,1573055999,4.81e-06,4.83e-06,4.81e-06,4.82e-06,1313246
1573056000,1573059599,4.82e-06,4.82e-06,4.81e-06,4.81e-06,479864
1573059600,1573063199,4.81e-06,4.83e-06,4.81e-06,4.82e-06,1311582
1573063200,1573066799,4.82e-06,4.82e-06,4.81e-06,4.82e-06,386000
1573066800,1573070399,4.82e-06,4.82e-06,4.81e-06,4.82e-06,735662
1573070400,1573073999,4.82e-06,4.83e-06,4.81e-06,4.82e-06,1821719
1573074000,1573077599,4.82e-06,4.83e-06,4.82e-06,4.82e-06,817974
1573077600,1573081199,4.82e-06,4.83e-06,4.8e-06,4.82e-06,6629008
1573081200,1573084799,4.82e-06,4.82e-06,4.81e-06,4.82e-06,54811
1573084800,1573088399,4.82e-06,4.84e-06,4.82e-06,4.83e-06,879250
1573088400,1573091999,4.83e-06,4.82e-06,4.72e-06,4.75e-06,10001662
1573092000,1573095599,4.75e-06,4.75e-06,4.73e-06,4.74e-06,804600
1573095600,1573099199,4.74e-06,4.76e-06,4.74e-06,4.75e-06,1797768
1573099200,1573102799,4.75e-06,4.75e-06,4.74e-06,4.74e-06,932861
1573102800,1573106399,4.74e-06,4.74e-06,4.7e-06,4.72e-06,6280537
1573106400,1573109999,4.72e-06,4.74e-06,4.71e-06,4.73e-06,1022635
1573110000,1573113599,4.73e-06,4.75e-06,4.73e-06,4.73e-06,961986
1573113600,1573117199,4.73e-06,4.74e-06,4.73e-06,4.73e-06,2056302
1573117200,1573120799,4.73e-06,4.73e-06,4.68e-06,4.68e-06,5509686
1573120800,1573124399,4.68e-06,4.69e-06,4.64e-06,4.68e-06,9587760
1573124400,1573127999,4.68e-06,4.73e-06,4.68e-06,4.71e-06,1981624
1573128000,1573131599,4.71e-06,4.71e-06,4.69e-06,4.71e-06,2649938
1573131600,1573135199,4.71e-06,4.74e-06,4.71e-06,4.74e-06,3110668
1573135200,1573138799,4.74e-06,4.74e-06,4.72e-06,4.73e-06,1942451
1573138800,1573142399,4.73e-06,4.73e-06,4.71e-06,4.71e-06,775473
1573142400,1573145999,4.71e-06,4.73e-06,4.7e-06,4.73e-06,1693961
1573146000,1573149599,4.73e-06,4.75e-06,4.72e-06,4.72e-06,1973517
1573149600,1573153199,4.72e-06,4.73e-06,4.71e-06,4.73e-06,700240
1573153200,1573156799,4.73e-06,4.74e-06,4.73e-06,4.73e-06,188856
1573156800,1573160399,4.73e-06,4.77e-06,4.74e-06,4.77e-06,2611010
1573160400,1573163999,4.77e-06,4.77e-06,4.74e-06,4.76e-06,1147700
1573164000,1573167599,4.76e-06,4.76e-06,4.74e-06,4.75e-06,319891
1573167600,1573171199,4.75e-06,4.75e-06,4.74e-06,4.75e-06,65958
1573171200,1573174799,4.75e-06,4.75e-06,4.74e-06,4.74e-06,91092
1573174800,1573178399,4.74e-06,4.75e-06,4.74e-06,4.75e-06,141297
1573178400,1573181999,4.75e-06,4.75e-06,4.74e-06,4.74e-06,686452
1573182000,1573185599,4.74e-06,4.75e-06,4.74e-06,4.75e-06,412500
1573185600,1573189199,4.75e-06,4.75e-06,4.73e-06,4.74e-06,525327
1573189200,1573192799,4.74e-06,4.73e-06,4.71e-06,4.73e-06,2092995
1573192800,1573196399,4.73e-06,4.72e-06,4.69e-06,4.71e-06,3013511
1573196400,1573199999,4.71e-06,4.71e-06,4.68e-06,4.7e-06,1685900
1573200000,1573203599,4.7e-06,4.7e-06,4.68e-06,4.7e-06,1861988
1573203600,1573207199,4.7e-06,4.72e-06,4.69e-06,4.72e-06,4484546
1573207200,1573210799,4.72e-06,4.74e-06,4.72e-06,4.73e-06,1083706
1573210800,1573214399,4.73e-06,4.74e-06,4.73e-06,4.73e-06,370786
1573214400,1573217999,4.73e-06,4.74e-06,4.73e-06,4.74e-06,478418
1573218000,1573221599,4.74e-06,4.74e-06,4.71e-06,4.72e-06,9848958
1573221600,1573225199,4.72e-06,4.75e-06,4.71e-06,4.75e-06,4122773
1573225200,1573228799,4.75e-06,4.75e-06,4.74e-06,4.75e-06,1197426
1573228800,1573232399,4.75e-06,4.79e-06,4.74e-06,4.76e-06,5039462
1573232400,1573235999,4.76e-06,4.79e-06,4.76e-06,4.78e-06,2724040
1573236000,1573239599,4.78e-06,4.8e-06,4.77e-06,4.8e-06,1166332
1573239600,1573243199,4.8e-06,4.83e-06,4.79e-06,4.83e-06,2645203
1573243200,1573246799,4.83e-06,4.84e-06,4.82e-06,4.84e-06,3921344
1573246800,1573250399,4.84e-06,4.85e-06,4.8e-06,4.8e-06,2370751
1573250400,1573253999,4.8e-06,4.83e-06,4.8e-06,4.83e-06,633310
1573254000,1573257599,4.83e-06,4.83e-06,4.81e-06,4.82e-06,654303
1573257600,1573261199,4.82e-06,4.83e-06,4.82e-06,4.82e-06,434342
1573261200,1573264799,4.82e-06,4.86e-06,4.82e-06,4.86e-06,2607889
1573264800,1573268399,4.86e-06,4.87e-06,4.84e-06,4.85e-06,1150452
1573268400,1573271999,4.85e-06,4.86e-06,4.83e-06,4.84e-06,1045242
1573272000,1573275599,4.84e-06,4.85e-06,4.83e-06,4.83e-06,772215
1573275600,1573279199,4.83e-06,4.86e-06,4.83e-06,4.86e-06,628671
1573279200,1573282799,4.86e-06,4.86e-06,4.82e-06,4.82e-06,955156
1573282800,1573286399,4.82e-06,4.83e-06,4.82e-06,4.83e-06,487442
1573286400,1573289999,4.83e-06,4.87e-06,4.82e-06,4.85e-06,6106631
1573290000,1573293599,4.85e-06,4.84e-06,4.82e-06,4.84e-06,1226807
1573293600,1573297199,4.84e-06,4.84e-06,4.83e-06,4.84e-06,714454
1573297200,1573300799,4.84e-06,4.84e-06,4.82e-06,4.82e-06,447757
1573300800,1573304399,4.82e-06,4.83e-06,4.8e-06,4.8e-06,2561580
1573304400,1573307999,4.8e-06,4.81e-06,4.78e-06,4.81e-06,2915841
1573308000,1573311599,4.81e-06,4.85e-06,4.81e-06,4.83e-06,1901774
1573311600,1573315199,4.83e-06,4.84e-06,4.81e-06,4.83e-06,1275434
1573315200,1573318799,4.83e-06,4.85e-06,4.82e-06,4.83e-06,4801127
1573318800,1573322399,4.83e-06,4.84e-06,4.81e-06,4.82e-06,2028236
1573322400,1573325999,4.82e-06,4.83e-06,4.82e-06,4.83e-06,996752
1573326000,1573329599,4.83e-06,4.83e-06,4.82e-06,4.82e-06,539210
1573329600,1573333199,4.82e-06,4.83e-06,4.81e-06,4.82e-06,1250747
1573333200,1573336799,4.82e-06,4.82e-06,4.81e-06,4.81e-06,839060
1573336800,1573340399,4.81e-06,4.82e-06,4.81e-06,4.82e-06,1216391
1573340400,1573343999,4.82e-06,4.84e-06,4.82e-06,4.83e-06,5022106
1573344000,1573347599,4.83e-06,4.85e-06,4.83e-06,4.85e-06,1052271
1573347600,1573351199,4.85e-06,4.86e-06,4.85e-06,4.86e-06,688241
1573351200,1573354799,4.86e-06,4.86e-06,4.85e-06,4.86e-06,219451
1573354800,1573358399,4.86e-06,4.86e-06,4.85e-06,4.86e-06,677913
1573358400,1573361999,4.86e-06,4.86e-06,4.85e-06,4.86e-06,157408
1573362000,1573365599,4.86e-06,4.88e-06,4.85e-06,4.88e-06,3248540
1573365600,1573369199,4.88e-06,4.92e-06,4.87e-06,4.91e-06,8483899
1573369200,1573372799,4.91e-06,4.91e-06,4.89e-06,4.9e-06,581954
1573372800,1573376399,4.9e-06,4.91e-06,4.89e-06,4.89e-06,780667
1573376400,1573379999,4.89e-06,4.91e-06,4.89e-06,4.89e-06,514584
1573380000,1573383599,4.89e-06,4.91e-06,4.89e-06,4.9e-06,568097
1573383600,1573387199,4.9e-06,4.91e-06,4.89e-06,4.91e-06,786890
1573387200,1573390799,4.91e-06,4.93e-06,4.9e-06,4.92e-06,1675921
1573390800,1573394399,4.92e-06,4.93e-06,4.91e-06,4.91e-06,506802
1573394400,1573397999,4.91e-06,4.91e-06,4.89e-06,4.9e-06,612360
1573398000,1573401599,4.9e-06,4.91e-06,4.89e-06,4.91e-06,799919
1573401600,1573405199,4.91e-06,4.91e-06,4.81e-06,4.85e-06,14111351
1573405200,1573408799,4.85e-06,4.86e-06,4.81e-06,4.82e-06,4970538
1573408800,1573412399,4.82e-06,4.83e-06,4.81e-06,4.82e-06,2444523
1573412400,1573415999,4.82e-06,4.83e-06,4.81e-06,4.82e-06,1418871
1573416000,1573419599,4.82e-06,4.88e-06,4.82e-06,4.88e-06,5981629
1573419600,1573423199,4.88e-06,4.89e-06,4.84e-06,4.85e-06,1773447
1573423200,1573426799,4.85e-06,4.85e-06,4.82e-06,4.82e-06,2307133
1573426800,1573430399,4.82e-06,4.87e-06,4.82e-06,4.87e-06,2022862
1573430400,1573433999,4.87e-06,4.88e-06,4.87e-06,4.87e-06,230296
1573434000,1573437599,4.87e-06,4.87e-06,4.85e-06,4.86e-06,746862
1573437600,1573441199,4.86e-06,4.86e-06,4.84e-06,4.84e-06,364744
1573441200,1573444799,4.84e-06,4.85e-06,4.84e-06,4.84e-06,230945
1573444800,1573448399,4.84e-06,4.89e-06,4.83e-06,4.88e-06,5986167
1573448400,1573451999,4.88e-06,4.89e-06,4.86e-06,4.88e-06,834964
1573452000,1573455599,4.88e-06,4.9e-06,4.87e-06,4.9e-06,1384682
1573455600,1573459199,4.9e-06,4.9e-06,4.89e-06,4.89e-06,474824
1573459200,1573462799,4.89e-06,4.93e-06,4.9e-06,4.93e-06,2777940
1573462800,1573466399,4.93e-06,4.99e-06,4.93e-06,4.94e-06,19345763
1573466400,1573469999,4.94e-06,4.93e-06,4.9e-06,4.92e-06,4759563
1573470000,1573473599,4.92e-06,4.92e-06,4.91e-06,4.92e-06,526575
1573473600,1573477199,4.92e-06,4.95e-06,4.92e-06,4.93e-06,4717842
1573477200,1573480799,4.93e-06,4.93e-06,4.91e-06,4.92e-06,764426
1573480800,1573484399,4.92e-06,4.95e-06,4.91e-06,4.95e-06,1081272
1573484400,1573487999,4.95e-06,4.99e-06,4.95e-06,4.98e-06,5892212
1573488000,1573491599,4.98e-06,4.98e-06,4.97e-06,4.98e-06,1167563
1573491600,1573495199,4.98e-06,4.98e-06,4.95e-06,4.95e-06,1333680
1573495200,1573498799,4.95e-06,4.96e-06,4.94e-06,4.95e-06,813054
1573498800,1573502399,4.95e-06,4.98e-06,4.95e-06,4.96e-06,1699531
1573502400,1573505999,4.96e-06,4.97e-06,4.96e-06,4.96e-06,1522960
1573506000,1573509599,4.96e-06,4.98e-06,4.96e-06,4.98e-06,588356
1573509600,1573513199,4.98e-06,5.02e-06,4.98e-06,5e-06,5070345
1573513200,1573516799,5e-06,5e-06,4.96e-06,4.97e-06,4471412
1573516800,1573520399,4.97e-06,4.98e-06,4.96e-06,4.97e-06,1349069
1573520400,1573523999,4.97e-06,4.99e-06,4.97e-06,4.98e-06,373967
1573524000,1573527599,4.98e-06,5.04e-06,4.98e-06,5.02e-06,9197185
1573527600,1573531199,5.02e-06,5.05e-06,5.01e-06,5.03e-06,8466426
1573531200,1573534799,5.03e-06,5.05e-06,5.01e-06,5.02e-06,2250814
1573534800,1573538399,5.02e-06,5.02e-06,4.99e-06,5e-06,2006651
1573538400,1573541999,5e-06,5.01e-06,4.99e-06,5e-06,2083289
1573542000,1573545599,5e-06,5.04e-06,5e-06,5.04e-06,2442902
1573545600,1573549199,5.04e-06,5.07e-06,5.03e-06,5.04e-06,11724210
1573549200,1573552799,5.04e-06,5.05e-06,5.03e-06,5.03e-06,1683455
1573552800,1573556399,5.03e-06,5.06e-06,5.03e-06,5.06e-06,3754819
1573556400,1573559999,5.06e-06,5.06e-06,5.04e-06,5.04e-06,3304634
1573560000,1573563599,5.04e-06,5.06e-06,5.01e-06,5.02e-06,5750268
1573563600,1573567199,5.02e-06,5.03e-06,4.98e-06,4.99e-06,9294845
1573567200,1573570799,4.99e-06,5e-06,4.96e-06,4.99e-06,3836542
1573570800,1573574399,4.99e-06,5.02e-06,4.99e-06,5.01e-06,5377043
1573574400,1573577999,5.01e-06,5.02e-06,5.01e-06,5.01e-06,564534
1573578000,1573581599,5.01e-06,5.03e-06,5.01e-06,5.01e-06,3573827
1573581600,1573585199,5.01e-06,5.03e-06,5.01e-06,5.01e-06,1313012
1573585200,1573588799,5.01e-06,5.02e-06,4.96e-06,4.96e-06,4723859
1573588800,1573592399,4.96e-06,4.97e-06,4.96e-06,4.96e-06,340296
1573592400,1573595999,4.96e-06,4.98e-06,4.96e-06,4.97e-06,1552940
1573596000,1573599599,4.97e-06,4.99e-06,4.97e-06,4.97e-06,1612691
1573599600,1573603199,4.97e-06,4.98e-06,4.97e-06,4.97e-06,906139
1573603200,1573606799,4.97e-06,4.98e-06,4.96e-06,4.96e-06,1977054
1573606800,1573610399,4.96e-06,4.97e-06,4.96e-06,4.97e-06,1268611
1573610400,1573613999,4.97e-06,4.97e-06,4.96e-06,4.97e-06,50134
1573614000,1573617599,4.97e-06,4.97e-06,4.96e-06,4.97e-06,259153
1573617600,1573621199,4.97e-06,4.98e-06,4.97e-06,4.98e-06,2862952
1573621200,1573624799,4.98e-06,4.99e-06,4.98e-06,4.99e-06,296837
1573624800,1573628399,4.99e-06,5.01e-06,4.97e-06,4.97e-06,2616455
1573628400,1573631999,4.97e-06,4.98e-06,4.97e-06,4.97e-06,1258699
1573632000,1573635599,4.97e-06,4.98e-06,4.95e-06,4.95e-06,1944215
1573635600,1573639199,4.95e-06,4.96e-06,4.95e-06,4.95e-06,1245924
1573639200,1573642799,4.95e-06,4.98e-06,4.95e-06,4.97e-06,1843565
1573642800,1573646399,4.97e-06,4.98e-06,4.97e-06,4.97e-06,1280183
1573646400,1573649999,4.97e-06,5.01e-06,4.97e-06,5.01e-06,1856131
1573650000,1573653599,5.01e-06,5.02e-06,4.97e-06,4.97e-06,3334475
1573653600,1573657199,4.97e-06,4.98e-06,4.97e-06,4.97e-06,355963
1573657200,1573660799,4.97e-06,4.98e-06,4.96e-06,4.97e-06,1393176
1573660800,1573664399,4.97e-06,4.98e-06,4.96e-06,4.98e-06,306224
1573664400,1573667999,4.98e-06,4.99e-06,4.98e-06,4.98e-06,794341
1573668000,1573671599,4.98e-06,4.99e-06,4.98e-06,4.98e-06,241742
1573671600,1573675199,4.98e-06,4.99e-06,4.98e-06,4.99e-06,334868
1573675200,1573678799,4.99e-06,4.98e-06,4.95e-06,4.95e-06,1390607
1573678800,1573682399,4.95e-06,4.96e-06,4.95e-06,4.95e-06,524351
1573682400,1573685999,4.95e-06,4.96e-06,4.95e-06,4.95e-06,409045
1573686000,1573689599,4.95e-06,4.96e-06,4.95e-06,4.95e-06,881010
1573689600,1573693199,4.95e-06,4.96e-06,4.94e-06,4.95e-06,695716
1573693200,1573696799,4.95e-06,4.95e-06,4.94e-06,4.94e-06,590848
1573696800,1573700399,4.94e-06,4.96e-06,4.94e-06,4.95e-06,479716
1573700400,1573703999,4.95e-06,4.96e-06,4.95e-06,4.95e-06,123204
1573704000,1573707599,4.95e-06,4.96e-06,4.93e-06,4.93e-06,953712
1573707600,1573711199,4.93e-06,4.94e-06,4.91e-06,4.92e-06,3257728
1573711200,1573714799,4.92e-06,4.94e-06,4.92e-06,4.94e-06,490206
1573714800,1573718399,4.94e-06,4.94e-06,4.93e-06,4.93e-06,728514
1573718400,1573721999,4.93e-06,4.93e-06,4.92e-06,4.93e-06,2172951
1573722000,1573725599,4.93e-06,4.93e-06,4.92e-06,4.92e-06,193808
1573725600,1573729199,4.92e-06,4.93e-06,4.92e-06,4.92e-06,980794
1573729200,1573732799,4.92e-06,4.92e-06,4.89e-06,4.89e-06,3746780
1573732800,1573736399,4.89e-06,4.89e-06,4.88e-06,4.89e-06,4733905
1573736400,1573739999,4.89e-06,4.94e-06,4.88e-06,4.94e-06,3636470
1573740000,1573743599,4.94e-06,4.94e-06,4.92e-06,4.92e-06,546111
1573743600,1573747199,4.92e-06,4.93e-06,4.91e-06,4.91e-06,748447
1573747200,1573750799,4.91e-06,4.93e-06,4.91e-06,4.92e-06,432308
1573750800,1573754399,4.92e-06,4.94e-06,4.93e-06,4.94e-06,1673976
1573754400,1573757999,4.94e-06,4.94e-06,4.9e-06,4.92e-06,2567188
1573758000,1573761599,4.92e-06,4.92e-06,4.91e-06,4.92e-06,245450
1573761600,1573765199,4.92e-06,4.94e-06,4.91e-06,4.92e-06,1672846
1573765200,1573768799,4.92e-06,4.93e-06,4.92e-06,4.92e-06,1678934
1573768800,1573772399,4.92e-06,4.95e-06,4.92e-06,4.95e-06,1250615
